rater_row_id,item_id,detector_category,A_verdict,B_verdict,A_category,B_category,A_notes,B_notes,adjudicated_verdict,adjudicated_category,adjudicator_notes
r0004,pilot-0010,clickable_icon_not_iconbutton,ISSUE,NO_ISSUE,missing_semantics_role,none,Row is .clickable with no role=Role.Button. Naming is fine (decorative Icon + Text label). Height depends on dimen list_options_icon_size + tiny padding; likely under 48dp but unresolved from source.,The clickable container has meaningful descendant text or image description that supplies its accessible name.,ISSUE,missing_semantics_role,R2 missing Role.Button on clickable container
r0005,pilot-0234,progress_no_semantics,HANDLED,HANDLED,progress_no_semantics,none,LinearProgressIndicator already has .semantics { stateDescription = percentText }; both Downloading and Extracting branches do this.,The Material progress indicator keeps range semantics and adds an explicit percentage state description.,HANDLED,,CATEGORY ONLY: both agree on verdict; pick category
r0006,pilot-0227,progress_no_semantics,ISSUE,NO_ISSUE,progress_no_semantics,none,Indeterminate CircularProgressIndicator with no semantics. Sibling Text 'Loading' partially mitigates but is not programmatically associated; reasonable rater could call HANDLED.,The imported Material progress indicator supplies progress-bar semantics by default.,HANDLED,none,R1 framework supplies progress role; no label -> other_issues
r0007,pilot-0197,missing_state_description,ISSUE,ISSUE,missing_merge_descendants,missing_interaction_semantics,"Switch and OptionLabel('show icon') are unassociated siblings in an unmerged Row. Switch announces role/state natively, so stateDescription is not the gap; the label association is.",The toggle/radio/checkbox is not given a merged label and stateful role at the actionable node.,ISSUE,missing_merge_descendants,CATEGORY ONLY: both agree on verdict; pick category
r0009,pilot-0006,clickable_icon_not_iconbutton,ISSUE,NO_ISSUE,missing_semantics_role,none,"Anchor is .clickable on a ListItem container with no role=Role.Button. The leading Icon is decorative (contentDescription=null) and is not the click target, so this is not a clickable-icon problem.",The clickable container has meaningful descendant text or image description that supplies its accessible name.,ISSUE,missing_semantics_role,R2 missing Role.Button on clickable container
r0010,pilot-0176,missing_semantics_role,ISSUE,ISSUE,missing_semantics_role,missing_interaction_semantics,"Clickable Text refresh control with no role. Modifier order (.clickable before .padding) is correct; labelMedium + 8dp padding is roughly 36dp, under 48dp minimum.",The click action is unlabeled or its visible label does not describe the action exposed at this node.,ISSUE,missing_interaction_semantics,CATEGORY ONLY: both agree on verdict; pick category
r0011,pilot-0238,progress_no_semantics,ISSUE,NO_ISSUE,progress_no_semantics,none,Loading composable: 24dp CircularProgressIndicator with no semantics and no accompanying text; TalkBack gets nothing during the loading state.,The imported Material progress indicator supplies progress-bar semantics by default.,HANDLED,none,R1 framework supplies progress role; no label -> other_issues
r0012,pilot-0058,decorative_mislabeled,NO_ISSUE,ISSUE,none,none,"Image with contentDescription 'Non-Vegetarian' conveys dietary meaning; description is appropriate, not decorative. 16dp is non-interactive so touch target does not apply. Hardcoded strings are an i18n concern, not one of the 15.",The spoken label is a hard-coded string rather than a localized resource.,NO_ISSUE,none,R5 localization is out of scope; A label stands
r0014,pilot-0046,decorative_mislabeled,NO_ISSUE,ISSUE,none,none,"App logo Image with contentDescription 'Iris Gallery Logo' inside a clickable easter-egg Box; the description is the only accessible name for that tappable area, so it is appropriate rather than decorative noise.",The spoken label is a hard-coded string rather than a localized resource.,NO_ISSUE,none,R5 localization is out of scope; A label stands
r0015,pilot-0183,missing_state_description,NO_ISSUE,HANDLED,none,none,"Canonical correct pattern: Row.toggleable(value, role=Role.Switch) with Switch(onCheckedChange=null). toggleable merges descendants so label+hint form the name and role/state are announced. Nothing missing.",The parent uses toggleable/selectable semantics with the correct role and label; the child control is display-only.,HANDLED,,
r0016,pilot-0222,progress_no_semantics,ISSUE,NO_ISSUE,progress_no_semantics,none,Bare CircularProgressIndicator() in a Box with no semantics and no accompanying text.,The imported Material progress indicator supplies progress-bar semantics by default.,HANDLED,none,R1 framework supplies progress role; no label -> other_issues
r0018,pilot-0212,pointerinput_no_semantics,UNSURE,NO_ISSUE,none,none,"Anchor resolved to an import line; the window contains only the license header and imports. The scrollbar gesture code is not visible, so no judgement possible. Extraction artifact.","The anchor is only an import, not a gesture attached to a UI element.",NO_ISSUE,,
r0020,pilot-0166,missing_semantics_role,ISSUE,ISSUE,missing_semantics_role,missing_interaction_semantics,App-name Text made clickable (opens welcome dialog) with no role and no onClickLabel; the hidden action is undiscoverable. Same pattern on the version Text at line 74.,The click action is unlabeled or its visible label does not describe the action exposed at this node.,ISSUE,missing_interaction_semantics,CATEGORY ONLY: both agree on verdict; pick category
r0021,pilot-0079,error_state_no_semantics,HANDLED,HANDLED,error_state_no_semantics,none,"Material3 OutlinedTextField with isError applies default error semantics and the supportingText sits in the merged subtree, so the error is announced. Separately: placeholder with no label.",The field receives visible supporting/error content (or an error-label parameter) together with its error state.,HANDLED,,CATEGORY ONLY: both agree on verdict; pick category
r0024,pilot-0251,text_truncation_scaling,NO_ISSUE,ISSUE,none,text_truncation_scaling,TextField label 'Code' is a single short resource string; visual ellipsis is unlikely and does not affect the accessible label TalkBack reads.,A single-line/max-lines constraint with clipping or ellipsis can hide essential text when font scaling or localization expands it.,NO_ISSUE,,R4 MANUAL: unique content? ISSUE(low) : NO_ISSUE
r0026,pilot-0043,decorative_mislabeled,ISSUE,ISSUE,decorative_mislabeled,none,"Full-screen AsyncImage backdrop with a gradient overlay, described as 'Product Banner'; the string conveys nothing useful and the image is a background. Should be null.",The spoken label is a hard-coded string rather than a localized resource.,ISSUE,decorative_mislabeled,R5 localization is out of scope; A label stands
r0027,pilot-0282,touch_target_size,HANDLED,UNSURE,touch_target_size,,"FloatingActionButton with explicit .size(40.dp). M3 FAB wraps a clickable Surface which applies minimumInteractiveComponentSize, so the touch target is padded to 48dp unless disabled. Separately the FAB's only content is a '+' Text, giving a poor accessible name.",The effective touch bounds depend on Material minimum-target enforcement or an unresolved dimension resource and cannot be confirmed from this window.,HANDLED,,
r0030,pilot-0239,progress_no_semantics,ISSUE,NO_ISSUE,progress_no_semantics,none,CircularProgressIndicator() with no semantics replaces the search button while searching; neither the progress nor the state change is announced.,The imported Material progress indicator supplies progress-bar semantics by default.,HANDLED,none,R1 framework supplies progress role; no label -> other_issues
r0031,pilot-0018,clickable_icon_not_iconbutton,ISSUE,NO_ISSUE,clickable_icon_not_iconbutton,none,"Icon with .clickable directly (unbounded ripple) instead of IconButton. contentDescription is present, but no role, and 24dp icon + small padding is well under 48dp. Same pattern on the next-arrow Icon.",The clickable container has meaningful descendant text or image description that supplies its accessible name.,ISSUE,clickable_icon_not_iconbutton,R3 named but roleless raw .clickable; confirm <48dp if downgrading
r0032,pilot-0165,missing_semantics_role,ISSUE,NO_ISSUE,missing_semantics_role,none,Clickable GlideImage named by person.name but no role=Role.Button. The fallback branch (Box + Icon with null) is clickable with no accessible name at all.,The clickable container has meaningful descendant text or image description that supplies its accessible name.,ISSUE,missing_semantics_role,R2 missing Role.Button on clickable container
r0033,pilot-0034,color_contrast,UNSURE,UNSURE,color_contrast,,"Axis tick labels in Color(0xFF90A4AE) at 10sp over a chart background not resolvable from source. Fails 4.5:1 on white, passes on dark; cannot decide.","The final foreground/background pair depends on theme values, alpha compositing, or a backdrop not resolved in the visible source.",UNSURE,,CATEGORY ONLY: both agree on verdict; pick category
r0037,pilot-0008,clickable_icon_not_iconbutton,ISSUE,ISSUE,missing_content_description,clickable_icon_not_iconbutton,"32dp clickable Box whose only content is an Icon with null description and no semantics on the Box: the control has no accessible name, no role, and is under 48dp.",The click action is unlabeled or its visible label does not describe the action exposed at this node.,ISSUE,clickable_icon_not_iconbutton,CATEGORY ONLY: both agree on verdict; pick category
r0038,pilot-0091,missing_content_description,NO_ISSUE,HANDLED,none,none,Anchor Icon is decorative (null) inside a clickable Row whose Text children supply the name via merged semantics. Correct. The Row itself lacks role=Role.Button.,"The icon/image is decorative within a labeled parent, so a null content description correctly avoids duplicate speech.",HANDLED,,
r0039,pilot-0047,decorative_mislabeled,NO_ISSUE,ISSUE,none,none,"IconButton wrapping an Icon with contentDescription 'Back'. Correct pattern; hardcoded string is i18n, not one of the 15.",The spoken label is a hard-coded string rather than a localized resource.,NO_ISSUE,none,R5 localization is out of scope; A label stands
r0040,pilot-0074,error_state_no_semantics,HANDLED,HANDLED,error_state_no_semantics,none,TextField with isError and a supportingText slot that switches to error color; Material default error semantics plus merged supportingText announce the error state and message.,The field receives visible supporting/error content (or an error-label parameter) together with its error state.,HANDLED,,CATEGORY ONLY: both agree on verdict; pick category
r0041,pilot-0094,missing_content_description,NO_ISSUE,ISSUE,none,none,IconButton with a descriptive contentDescription on the Icon. Correct.,The spoken label is a hard-coded string rather than a localized resource.,NO_ISSUE,none,R5 localization is out of scope; A label stands
r0042,pilot-0077,error_state_no_semantics,UNSURE,HANDLED,error_state_no_semantics,none,isError is passed into a custom NameSection composable whose TextField is not in the window; cannot tell whether error semantics are applied inside.,The field receives visible supporting/error content (or an error-label parameter) together with its error state.,UNSURE,,
r0044,pilot-0061,error_state_no_semantics,HANDLED,HANDLED,error_state_no_semantics,none,"Material (M2, body1) TextField with isError applies default 'Error' semantics. The AnimatedValidatorMessage is a sibling, not merged, so the specific message is not tied to the field.",The field receives visible supporting/error content (or an error-label parameter) together with its error state.,HANDLED,,CATEGORY ONLY: both agree on verdict; pick category
r0045,pilot-0078,error_state_no_semantics,HANDLED,ISSUE,error_state_no_semantics,error_state_no_semantics,"OutlinedTextField with label and isError; framework announces generic 'Error'. The message text lives in a separate ResultsDisplay composable and is not associated with the field, so mitigation is partial.","The field is marked erroneous, but the detailed error text is outside the field and no association or announcement is visible.",HANDLED,,
r0046,pilot-0064,error_state_no_semantics,HANDLED,HANDLED,error_state_no_semantics,none,TextField with isError and supportingText carrying the error string; default error semantics plus merged supportingText cover it.,The field receives visible supporting/error content (or an error-label parameter) together with its error state.,HANDLED,,CATEGORY ONLY: both agree on verdict; pick category
r0047,pilot-0235,progress_no_semantics,ISSUE,NO_ISSUE,progress_no_semantics,none,Overlay CircularProgressIndicator shown while isLoading with no semantics; loading state is silent to TalkBack.,The imported Material progress indicator supplies progress-bar semantics by default.,HANDLED,none,R1 framework supplies progress role; no label -> other_issues
r0048,pilot-0230,progress_no_semantics,HANDLED,HANDLED,progress_no_semantics,none,"Duplicate of r0005 (same file, same anchor line 365). LinearProgressIndicator already has semantics { stateDescription }.",The Material progress indicator keeps range semantics and adds an explicit percentage state description.,HANDLED,,CATEGORY ONLY: both agree on verdict; pick category
r0049,pilot-0112,missing_heading_semantics,NO_ISSUE,ISSUE,none,missing_heading_semantics,"Book title in a grid card borrows headlineMedium fontStyle at 18sp; a card label is not a page heading, so heading() is not expected. Title and author both maxLines=1 + Ellipsis, truncating unique text at large scale.","The text functions as a screen, dialog, card, or section heading, but typography alone does not expose heading semantics.",NO_ISSUE,,
r0050,pilot-0232,progress_no_semantics,ISSUE,NO_ISSUE,progress_no_semantics,none,Bare CircularProgressIndicator with no semantics and no text. Color.Black hardcoded over an unknown background.,The imported Material progress indicator supplies progress-bar semantics by default.,HANDLED,none,R1 framework supplies progress role; no label -> other_issues
r0051,pilot-0181,missing_state_description,NO_ISSUE,HANDLED,none,none,Canonical Row.toggleable(role=Role.Switch) with Switch(onCheckedChange=null); label merges into the toggle. Correct.,The parent uses toggleable/selectable semantics with the correct role and label; the child control is display-only.,HANDLED,,
r0053,pilot-0240,progress_no_semantics,ISSUE,NO_ISSUE,progress_no_semantics,none,Indeterminate CircularProgressIndicator with no semantics; sibling 'Exporting...' Text partially mitigates but is not associated. Same pattern as r0006.,The imported Material progress indicator supplies progress-bar semantics by default.,HANDLED,none,R1 framework supplies progress role; no label -> other_issues
r0054,pilot-0076,error_state_no_semantics,HANDLED,HANDLED,error_state_no_semantics,none,OutlinedTextField with isError and supportingText showing errorMessage; default error semantics plus merged supportingText.,The field receives visible supporting/error content (or an error-label parameter) together with its error state.,HANDLED,,CATEGORY ONLY: both agree on verdict; pick category
r0055,pilot-0298,touch_target_size,ISSUE,ISSUE,clickable_icon_not_iconbutton,touch_target_size,"Icon with .clickable directly, contentDescription=null, 40dp: an unnamed, roleless, undersized control. Same on the line-weight Icon below.","The visible clickable element is constrained below the 48 dp minimum, with no larger hit area in the visible modifier chain.",ISSUE,clickable_icon_not_iconbutton,CATEGORY ONLY: both agree on verdict; pick category
r0057,pilot-0098,missing_content_description,NO_ISSUE,HANDLED,none,none,44dp Box is a non-interactive icon container in a header row; touch target does not apply. The Icon is null and may carry transfer-direction meaning not present in the text.,"The icon/image is decorative within a labeled parent, so a null content description correctly avoids duplicate speech.",HANDLED,,
r0059,pilot-0193,missing_state_description,ISSUE,ISSUE,missing_merge_descendants,missing_interaction_semantics,"Switch in ListItem trailingContent with its own onCheckedChange; ListItem does not merge, so the Switch is a separate node with no name tied to the headline text. Switch state itself is announced natively.",The toggle/radio/checkbox is not given a merged label and stateful role at the actionable node.,ISSUE,missing_merge_descendants,CATEGORY ONLY: both agree on verdict; pick category
r0060,pilot-0026,color_contrast,UNSURE,UNSURE,color_contrast,,Container color is a 34%-alpha dark literal composited over a backdrop; resulting text contrast depends on runtime layering and cannot be computed from source.,"The final foreground/background pair depends on theme values, alpha compositing, or a backdrop not resolved in the visible source.",UNSURE,,CATEGORY ONLY: both agree on verdict; pick category
r0061,pilot-0233,progress_no_semantics,ISSUE,NO_ISSUE,progress_no_semantics,none,"24dp CircularProgressIndicator shown while a thumbnail loads, no semantics. Low-stakes inline loader inside a thumbnail, hence medium.",The imported Material progress indicator supplies progress-bar semantics by default.,HANDLED,none,R1 framework supplies progress role; no label -> other_issues
r0062,pilot-0060,decorative_mislabeled,ISSUE,ISSUE,decorative_mislabeled,none,"Icon described as 'Folder Icon' beside a Text of the folder name; the description adds nothing and is read as noise. Color-coded folder icon might carry meaning, but the string does not convey the color.",The spoken label is a hard-coded string rather than a localized resource.,ISSUE,decorative_mislabeled,R5 localization is out of scope; A label stands
r0063,pilot-0007,clickable_icon_not_iconbutton,NO_ISSUE,HANDLED,none,none,"Box.clickable with role=Role.Button and onClickLabel=description, inner Icon null. Correct icon-button pattern; 44dp is under 48 but this is a deliberate compact control with full semantics.",The click target supplies an explicit role/action label or selected-state semantics at the actionable node.,HANDLED,,
r0064,pilot-0186,missing_state_description,ISSUE,ISSUE,missing_merge_descendants,missing_interaction_semantics,Label Text and Switch are unassociated siblings in an unmerged Row with a weight Spacer between; Switch focuses as a nameless node. State is announced natively.,The toggle/radio/checkbox is not given a merged label and stateful role at the actionable node.,ISSUE,missing_merge_descendants,CATEGORY ONLY: both agree on verdict; pick category
r0065,pilot-0174,missing_semantics_role,ISSUE,NO_ISSUE,missing_semantics_role,none,"Row.clickable with no role; decorative Icon + Text supply the name via merge. Padding is applied before clickable, so the touch area excludes the padding and is only icon/text height.",The clickable container has meaningful descendant text or image description that supplies its accessible name.,ISSUE,missing_semantics_role,R2 missing Role.Button on clickable container
r0066,pilot-0031,color_contrast,UNSURE,UNSURE,color_contrast,,Strength color literals (#EF4444/#F59E0B/#10B981) used for a strength indicator; the background they render against is not in the window. #F59E0B on white is roughly 2.2:1 and would fail if used for text.,"The final foreground/background pair depends on theme values, alpha compositing, or a backdrop not resolved in the visible source.",UNSURE,,CATEGORY ONLY: both agree on verdict; pick category
r0067,pilot-0023,color_contrast,UNSURE,UNSURE,color_contrast,,32%-alpha container over a backdrop; text contrast depends on runtime compositing. Same pattern as r0060.,"The final foreground/background pair depends on theme values, alpha compositing, or a backdrop not resolved in the visible source.",UNSURE,,CATEGORY ONLY: both agree on verdict; pick category
r0068,pilot-0257,text_truncation_scaling,ISSUE,HANDLED,text_truncation_scaling,none,"Article title headlineSmall with maxLines=1 + Ellipsis. Mitigated by horizontalScroll on the same Text, which a screen reader does not need and sighted users can pan; borderline.","The single-line title is placed in a horizontal scroll container, preserving access to the full enlarged text.",HANDLED,,
r0069,pilot-0057,decorative_mislabeled,NO_ISSUE,ISSUE,none,none,WikipediaLinkButton given a meaningful contentDescription 'Open source article'. Appropriate for an icon-only action.,The spoken label is a hard-coded string rather than a localized resource.,NO_ISSUE,none,R5 localization is out of scope; A label stands
r0070,pilot-0187,missing_state_description,ISSUE,ISSUE,missing_merge_descendants,missing_interaction_semantics,Switch and its descriptive Text are siblings in an unmerged Row; the Switch node has no name. State announced natively.,The toggle/radio/checkbox is not given a merged label and stateful role at the actionable node.,ISSUE,missing_merge_descendants,CATEGORY ONLY: both agree on verdict; pick category
r0072,pilot-0127,missing_interaction_semantics,ISSUE,NO_ISSUE,missing_semantics_role,none,"Calendar day cell Box.clickable with no role; name is the day number via merged Text. Selected/today state is conveyed only by color and weight, not semantics. Cell size depends on parent grid so target size is unknown.",The clickable container has meaningful descendant text or image description that supplies its accessible name.,ISSUE,missing_semantics_role,R2 missing Role.Button on clickable container
r0073,pilot-0231,progress_no_semantics,HANDLED,NO_ISSUE,progress_no_semantics,none,"Determinate M3 LinearProgressIndicator with a progress lambda; the framework applies progressSemantics(progress) internally, so the value is announced.",The imported Material progress indicator supplies progress-bar semantics by default.,HANDLED,,
r0075,pilot-0130,missing_interaction_semantics,ISSUE,NO_ISSUE,missing_semantics_role,none,42dp Box.clickable with no role; name comes from the Icon's contentDescription. Selected state is expressed only by enabled=!isSelected and colors.,The clickable container has meaningful descendant text or image description that supplies its accessible name.,ISSUE,missing_semantics_role,R2 missing Role.Button on clickable container
r0076,pilot-0283,touch_target_size,ISSUE,ISSUE,missing_content_description,touch_target_size,"44dp Box.clickable whose only child is a Canvas: no accessible name, no role, selection drawn only as a ring. Color swatch picker is unusable with TalkBack.","The visible clickable element is constrained below the 48 dp minimum, with no larger hit area in the visible modifier chain.",ISSUE,missing_interaction_semantics,CATEGORY ONLY: both agree on verdict; pick category
r0077,pilot-0083,missing_content_description,NO_ISSUE,ISSUE,none,none,IconButton with Icon 'Back'. Correct. The favorite IconButton in the same bar toggles state but keeps a static 'Favorite' description; IconToggleButton or stateDescription would fix it.,The spoken label is a hard-coded string rather than a localized resource.,NO_ISSUE,none,R5 localization is out of scope; A label stands
r0079,pilot-0067,error_state_no_semantics,UNSURE,NO_ISSUE,error_state_no_semantics,none,isError only drives colors and a Tone passed into custom SectionRow; the text input itself is not in the window.,"The anchor is a local Boolean state value, not a text-field error presentation.",NO_ISSUE,,
r0080,pilot-0289,touch_target_size,ISSUE,ISSUE,clickable_icon_not_iconbutton,touch_target_size,"TopAppBar back Icon with .clickable directly, contentDescription=null, 26dp: nameless, roleless, undersized. Same on the video-call Icon.","The visible clickable element is constrained below the 48 dp minimum, with no larger hit area in the visible modifier chain.",ISSUE,clickable_icon_not_iconbutton,CATEGORY ONLY: both agree on verdict; pick category
r0081,pilot-0164,missing_semantics_role,ISSUE,NO_ISSUE,missing_semantics_role,none,"Preference Column.clickable with minimumInteractiveComponentSize (target size handled) and merged Text name, but no role=Role.Button.",The clickable container has meaningful descendant text or image description that supplies its accessible name.,ISSUE,missing_semantics_role,R2 missing Role.Button on clickable container
r0082,pilot-0155,missing_merge_descendants,NO_ISSUE,HANDLED,none,none,"ListItem with Modifier.clickable; clickable merges descendants, so headline and supporting text form one node. Merge is not missing. No role on the clickable.",The actionable container's clickable semantics already provide the grouping boundary for its descendant label content.,HANDLED,,
r0084,pilot-0125,missing_interaction_semantics,ISSUE,NO_ISSUE,missing_semantics_role,none,"Card container with .clickable and no role; name comes from merged repo text. Custom GSYCardItem may add semantics internally, hence medium.",The clickable container has meaningful descendant text or image description that supplies its accessible name.,ISSUE,missing_semantics_role,R2 missing Role.Button on clickable container
r0085,pilot-0080,error_state_no_semantics,HANDLED,HANDLED,error_state_no_semantics,none,"OutlinedTextField with label and isError; framework announces generic 'Error'. The message is a sibling Text, not supportingText, so it is not associated with the field. Partial.",The field receives visible supporting/error content (or an error-label parameter) together with its error state.,HANDLED,,CATEGORY ONLY: both agree on verdict; pick category
r0088,pilot-0073,error_state_no_semantics,HANDLED,HANDLED,error_state_no_semantics,none,"OutlinedTextField with label and isError; generic 'Error' announced by framework. 'They don't match.' is a sibling Text, not supportingText. Partial.",The field receives visible supporting/error content (or an error-label parameter) together with its error state.,HANDLED,,CATEGORY ONLY: both agree on verdict; pick category
r0089,pilot-0016,clickable_icon_not_iconbutton,ISSUE,NO_ISSUE,missing_semantics_role,none,"Row.clickable with no role. Name comes from the merged warning Icon description and text children, which is adequate.",The clickable container has meaningful descendant text or image description that supplies its accessible name.,ISSUE,missing_semantics_role,R2 missing Role.Button on clickable container
r0090,pilot-0011,clickable_icon_not_iconbutton,ISSUE,ISSUE,missing_state_description,missing_semantics_role,"SelectableRow with a checked parameter uses plain .clickable(onToggle): no toggleable, no role, no state exposed. TalkBack cannot tell whether the row is checked.",The clickable row changes a checked state but exposes neither the proper toggle role/state nor a single merged toggle action.,ISSUE,missing_state_description,CATEGORY ONLY: both agree on verdict; pick category
r0091,pilot-0195,missing_state_description,ISSUE,ISSUE,missing_merge_descendants,missing_interaction_semantics,Label Text and Switch are unassociated siblings in an unmerged Row; Switch focuses without a name. State announced natively.,The toggle/radio/checkbox is not given a merged label and stateful role at the actionable node.,ISSUE,missing_merge_descendants,CATEGORY ONLY: both agree on verdict; pick category
r0093,pilot-0069,error_state_no_semantics,HANDLED,HANDLED,error_state_no_semantics,none,OutlinedTextField with isError and supportingText carrying the error message; default error semantics plus merged supportingText.,The field receives visible supporting/error content (or an error-label parameter) together with its error state.,HANDLED,,CATEGORY ONLY: both agree on verdict; pick category
r0094,pilot-0225,progress_no_semantics,ISSUE,NO_ISSUE,progress_no_semantics,none,"Demo composable with bare CircularProgressIndicator() and LinearProgressIndicator() indeterminate, no labels; determinate ones below are handled by framework progressSemantics. Anchor is the function declaration, so scope is the whole function.",The imported Material progress indicator supplies progress-bar semantics by default.,HANDLED,none,R1 framework supplies progress role; no label -> other_issues
r0096,pilot-0017,clickable_icon_not_iconbutton,ISSUE,NO_ISSUE,clickable_icon_not_iconbutton,none,Skip-previous Icon with .clickable directly; padding is applied before clickable so the target is only 24dp. contentDescription is present. Play/pause next to it correctly uses FilledTonalIconButton at 48dp.,The clickable container has meaningful descendant text or image description that supplies its accessible name.,ISSUE,clickable_icon_not_iconbutton,R3 named but roleless raw .clickable; confirm <48dp if downgrading
r0098,pilot-0148,missing_merge_descendants,NO_ISSUE,HANDLED,none,none,"Anchor Column sits inside a Row that is .clickable; clickable merges descendants, so the texts already form one node. Merge not missing. Row lacks role and Color(0xFF81D4FA) is hardcoded.",The actionable container's clickable semantics already provide the grouping boundary for its descendant label content.,HANDLED,,
r0101,pilot-0229,progress_no_semantics,ISSUE,NO_ISSUE,progress_no_semantics,none,Bare indeterminate CircularProgressIndicator with no label or text; focusable as a nameless progress bar.,The imported Material progress indicator supplies progress-bar semantics by default.,HANDLED,none,R1 framework supplies progress role; no label -> other_issues
r0102,pilot-0070,error_state_no_semantics,UNSURE,HANDLED,error_state_no_semantics,none,"isError and an errorLabel slot are passed into a custom EmailField; the TextField is not in the window. The errorLabel slot suggests the message is rendered, but association is unknown.",The field receives visible supporting/error content (or an error-label parameter) together with its error state.,UNSURE,,
r0103,pilot-0032,color_contrast,UNSURE,NO_ISSUE,color_contrast,none,Card background is a navy gradient (#001F3F); text colors inside are not in the window.,The visible explicit foreground/background combination has adequate contrast at this anchor.,UNSURE,,
r0104,pilot-0184,missing_state_description,ISSUE,ISSUE,missing_semantics_role,missing_interaction_semantics,"Demo RadioButtons with no labels; each is announced only as 'radio button, selected'. Demo code, so intent is illustrative; RadioButton itself supplies role and state.",The toggle/radio/checkbox is not given a merged label and stateful role at the actionable node.,ISSUE,missing_interaction_semantics,CATEGORY ONLY: both agree on verdict; pick category
r0105,pilot-0266,textfield_no_label,ISSUE,NO_ISSUE,textfield_no_label,none,OutlinedTextField with placeholder 'Untitled' and no label; the h3 Text above is not associated.,"The imported TextField is a project-specific wrapper, so the Material TextField detector does not apply at this anchor.",NO_ISSUE,,
r0106,pilot-0226,progress_no_semantics,ISSUE,NO_ISSUE,progress_no_semantics,none,Indeterminate CircularProgressIndicator with a sibling 'scanning songs' Text not programmatically associated. Same pattern as r0006.,The imported Material progress indicator supplies progress-bar semantics by default.,HANDLED,none,R1 framework supplies progress role; no label -> other_issues
r0108,pilot-0019,clickable_icon_not_iconbutton,ISSUE,NO_ISSUE,missing_semantics_role,none,LinkButton Row.clickable with no role; name from merged Text. 18dp icon + text with 4dp padding likely under 48dp tall.,The clickable container has meaningful descendant text or image description that supplies its accessible name.,ISSUE,missing_semantics_role,R2 missing Role.Button on clickable container
r0109,pilot-0182,missing_state_description,ISSUE,ISSUE,missing_merge_descendants,missing_interaction_semantics,Switch with its own onCheckedChange beside a Column of title/description text in an unmerged Row; the Switch node has no name. Same pattern on the periodic-updates row below.,The toggle/radio/checkbox is not given a merged label and stateful role at the actionable node.,ISSUE,missing_merge_descendants,CATEGORY ONLY: both agree on verdict; pick category
r0110,pilot-0097,missing_content_description,NO_ISSUE,HANDLED,none,none,Anchor Icon is decorative (null) inside a clickable Row whose Text provides the name via merge. Correct. The Row lacks a role.,"The icon/image is decorative within a labeled parent, so a null content description correctly avoids duplicate speech.",HANDLED,,
r0111,pilot-0133,missing_interaction_semantics,ISSUE,NO_ISSUE,missing_semantics_role,none,"Duplicate of r0108 (same file, same anchor 199). LinkButton Row.clickable with no role and a small target.",The clickable container has meaningful descendant text or image description that supplies its accessible name.,ISSUE,missing_semantics_role,R2 missing Role.Button on clickable container
r0113,pilot-0087,missing_content_description,NO_ISSUE,HANDLED,none,none,Decorative Icon (null) in a 40dp Box beside a text label in a settings row. Correct decorative treatment.,"The icon/image is decorative within a labeled parent, so a null content description correctly avoids duplicate speech.",HANDLED,,
r0115,pilot-0246,text_truncation_scaling,NO_ISSUE,ISSUE,none,text_truncation_scaling,TopAppBar title with maxLines=1 + Ellipsis. App bar titles are conventionally single-line and TalkBack still reads the full text; visual truncation is expected here.,A single-line/max-lines constraint with clipping or ellipsis can hide essential text when font scaling or localization expands it.,NO_ISSUE,,R4 MANUAL: unique content? ISSUE(low) : NO_ISSUE
r0117,pilot-0147,missing_merge_descendants,ISSUE,NO_ISSUE,missing_merge_descendants,none,Name and login Texts in a Column beside an avatar with no merge and no visible clickable in the window; each Text is announced separately. If the parent row is clickable above the window this would be handled.,"Merging at this container would incorrectly collapse separate text, controls, or an entire screen/dialog into one accessibility node.",ISSUE,missing_merge_descendants,
r0118,pilot-0293,touch_target_size,ISSUE,ISSUE,clickable_icon_not_iconbutton,touch_target_size,"Icon with .clickable directly, contentDescription=null, inside a 32dp Box: nameless, roleless, undersized video-call action.","The visible clickable element is constrained below the 48 dp minimum, with no larger hit area in the visible modifier chain.",ISSUE,clickable_icon_not_iconbutton,CATEGORY ONLY: both agree on verdict; pick category
r0119,pilot-0198,missing_state_description,ISSUE,ISSUE,missing_merge_descendants,missing_interaction_semantics,Switch and label Text are unassociated siblings in an unmerged Row; the Switch focuses without a name. Same on the second row.,The toggle/radio/checkbox is not given a merged label and stateful role at the actionable node.,ISSUE,missing_merge_descendants,CATEGORY ONLY: both agree on verdict; pick category
r0121,pilot-0056,decorative_mislabeled,ISSUE,ISSUE,decorative_mislabeled,none,"Blurred, faded album art used as a backdrop is described 'Album Image', which is noise. Separately, the back Button's Icon is described 'Settings', a wrong name for a back action.",The spoken label is a hard-coded string rather than a localized resource.,ISSUE,decorative_mislabeled,R5 localization is out of scope; A label stands
r0122,pilot-0173,missing_semantics_role,ISSUE,NO_ISSUE,missing_semantics_role,none,"Column made .clickable when onClick is non-null, no role; label and value Texts merge into the name via clickable.",The clickable container has meaningful descendant text or image description that supplies its accessible name.,ISSUE,missing_semantics_role,R2 missing Role.Button on clickable container
r0123,pilot-0185,missing_state_description,NO_ISSUE,HANDLED,none,none,Canonical Row.selectable(role=Role.RadioButton) with RadioButton(onClick=null) and merged label. Correct.,The parent uses toggleable/selectable semantics with the correct role and label; the child control is display-only.,HANDLED,,
r0124,pilot-0168,missing_semantics_role,NO_ISSUE,ISSUE,none,missing_interaction_semantics,"Full-screen scrim Box.clickable with an empty onClick and no indication, used to block touches behind a dialog. Not a control; TalkBack will still see a nameless clickable, which is a minor annoyance rather than a defect.",The click action is unlabeled or its visible label does not describe the action exposed at this node.,ISSUE,missing_interaction_semantics,
r0125,pilot-0140,missing_interaction_semantics,ISSUE,NO_ISSUE,missing_semantics_role,none,Surface with Modifier.clickable (not Surface(onClick)) and no role; 56dp tall so target is fine; name comes from merged Text.,The clickable container has meaningful descendant text or image description that supplies its accessible name.,ISSUE,missing_semantics_role,R2 missing Role.Button on clickable container
r0128,pilot-0126,missing_interaction_semantics,ISSUE,NO_ISSUE,missing_semantics_role,none,AnnotationRow Row.clickable with no role; name from merged excerpt/note text.,The clickable container has meaningful descendant text or image description that supplies its accessible name.,ISSUE,missing_semantics_role,R2 missing Role.Button on clickable container
r0129,pilot-0196,missing_state_description,UNSURE,NO_ISSUE,none,none,No anchor line resolved for this row (anchor_text is empty); the window shows a sample section built from a SettingsCheckbox library composable whose internals are not visible. Extraction artifact.,The anchor is a custom settings control with title content; its internal toggle semantics are outside this detector's visible construct.,UNSURE,,
r0130,pilot-0284,touch_target_size,ISSUE,ISSUE,clickable_icon_not_iconbutton,touch_target_size,"Third copy of the WhatsAppMessageTopBar back Icon (see r0080, r0083). Clickable Icon, null description, 26dp.","The visible clickable element is constrained below the 48 dp minimum, with no larger hit area in the visible modifier chain.",ISSUE,clickable_icon_not_iconbutton,CATEGORY ONLY: both agree on verdict; pick category
r0131,pilot-0138,missing_interaction_semantics,ISSUE,NO_ISSUE,missing_semantics_role,none,"Duplicate of r0065 (same file, same anchor 20). Row.clickable with no role; padding applied before clickable so the target excludes it.",The clickable container has meaningful descendant text or image description that supplies its accessible name.,ISSUE,missing_semantics_role,R2 missing Role.Button on clickable container
r0133,pilot-0169,missing_semantics_role,ISSUE,NO_ISSUE,clickable_icon_not_iconbutton,none,"Duplicate of r0031 (same file, anchor 200). Icon with .clickable directly; described, but roleless and under 48dp.",The clickable container has meaningful descendant text or image description that supplies its accessible name.,ISSUE,clickable_icon_not_iconbutton,R3 named but roleless raw .clickable; confirm <48dp if downgrading
r0137,pilot-0156,missing_merge_descendants,NO_ISSUE,HANDLED,none,none,Card with Modifier.clickable; clickable merges descendants so the option's icon and text form one node. Merge is not missing. No role on the clickable.,The actionable container's clickable semantics already provide the grouping boundary for its descendant label content.,HANDLED,,
r0139,pilot-0179,missing_semantics_role,ISSUE,ISSUE,missing_state_description,missing_semantics_role,"Settings switch row implemented with plain .clickable that flips checked: no toggleable, no role, no checked state exposed on the row. Also the leading Icon is described as 'Icon', which is noise.",The clickable row changes a checked state but exposes neither the proper toggle role/state nor a single merged toggle action.,ISSUE,missing_state_description,CATEGORY ONLY: both agree on verdict; pick category
r0140,pilot-0003,clickable_icon_not_iconbutton,ISSUE,NO_ISSUE,missing_semantics_role,none,"'Go up' Row.clickable with no role; name from merged Icon description and '..' text, which is adequate.",The clickable container has meaningful descendant text or image description that supplies its accessible name.,ISSUE,missing_semantics_role,R2 missing Role.Button on clickable container
r0143,pilot-0178,missing_semantics_role,ISSUE,ISSUE,missing_content_description,clickable_icon_not_iconbutton,"24dp Box.clickable remove button whose only content is an Icon with null description: nameless, roleless, undersized. Same on the rename button.",The click action is unlabeled or its visible label does not describe the action exposed at this node.,ISSUE,clickable_icon_not_iconbutton,CATEGORY ONLY: both agree on verdict; pick category
r0144,pilot-0121,missing_interaction_semantics,NO_ISSUE,HANDLED,none,none,ListItem.clickable(role = Role.Button); clickable merges descendants and role is set. Correct.,The click target supplies an explicit role/action label or selected-state semantics at the actionable node.,HANDLED,,
r0147,pilot-0128,missing_interaction_semantics,ISSUE,NO_ISSUE,missing_semantics_role,none,'View online' Text made clickable with no role or onClickLabel; looks like body text. 8dp vertical padding inside clickable gives roughly 36dp height.,The clickable container has meaningful descendant text or image description that supplies its accessible name.,ISSUE,missing_semantics_role,R2 missing Role.Button on clickable container
r0148,pilot-0075,error_state_no_semantics,HANDLED,HANDLED,error_state_no_semantics,none,"Duplicate of r0093 (same file, anchor 367). isError with supportingText carrying the message.",The field receives visible supporting/error content (or an error-label parameter) together with its error state.,HANDLED,,CATEGORY ONLY: both agree on verdict; pick category
r0149,pilot-0030,color_contrast,NO_ISSUE,UNSURE,none,,"Anchor is a #F1EDFF circular background behind a tinted icon; no text is drawn on it, so text contrast does not apply. Icon tint vs. background is a non-text contrast question outside the 15 categories.","The final foreground/background pair depends on theme values, alpha compositing, or a backdrop not resolved in the visible source.",NO_ISSUE,,
r0150,pilot-0084,missing_content_description,ISSUE,ISSUE,clickable_icon_not_iconbutton,missing_content_description,"Back-arrow Image with .clickable directly and contentDescription=null in the app bar: nameless, roleless. fillMaxHeight x 50dp keeps the target size adequate.","This icon/image is itself actionable, but its content description is null or empty.",ISSUE,missing_content_description,CATEGORY ONLY: both agree on verdict; pick category
r0153,pilot-0224,progress_no_semantics,ISSUE,NO_ISSUE,progress_no_semantics,none,"Bare CircularProgressIndicator() while an app list loads, no label.",The imported Material progress indicator supplies progress-bar semantics by default.,HANDLED,none,R1 framework supplies progress role; no label -> other_issues
r0154,pilot-0159,missing_merge_descendants,NO_ISSUE,ISSUE,none,missing_merge_descendants,"Static informational Card (icon, titleMedium label, description), not interactive. Merging is optional here. The titleMedium label has no heading().","The card is one informational item, but its related icon/title/detail nodes are exposed separately with no grouping semantics.",ISSUE,missing_merge_descendants,
r0155,pilot-0281,touch_target_size,ISSUE,HANDLED,clickable_icon_not_iconbutton,none,"Back Image with .clickable and contentDescription=null; nameless, roleless. Padding sits inside clickable so the target is 52dp, which is fine.","The small visual is inside a larger padded/clickable parent, so the effective target is not limited to the icon's size.",ISSUE,missing_content_description,
r0157,pilot-0223,progress_no_semantics,HANDLED,NO_ISSUE,progress_no_semantics,none,"Two stacked determinate CircularProgressIndicators (value + full track). Determinate indicators carry progressSemantics from the framework, though the decorative 1f track ring will also announce as 100%, which is noise.","The anchor is a stroke-width parameter, not a progress UI node.",HANDLED,,
r0158,pilot-0066,error_state_no_semantics,UNSURE,HANDLED,error_state_no_semantics,none,"Duplicate of r0102 (same repo pattern, different app). isError and errorLabel passed into a custom EmailField not in the window.",The field receives visible supporting/error content (or an error-label parameter) together with its error state.,UNSURE,,
r0159,pilot-0199,missing_state_description,ISSUE,ISSUE,missing_semantics_role,missing_interaction_semantics,"RadioButton with onClick beside a MediumBody label in a plain Row; the Row is not selectable, so the label is not tied to the radio and only the 24dp radio is tappable. Correct form is Row.selectable(role=RadioButton) with RadioButton(onClick=null).",The toggle/radio/checkbox is not given a merged label and stateful role at the actionable node.,ISSUE,missing_merge_descendants,CATEGORY ONLY: both agree on verdict; pick category
r0160,pilot-0086,missing_content_description,ISSUE,HANDLED,missing_content_description,none,"Check Icon in a green circle signalling success/completion with contentDescription=null; the status is not conveyed by nearby text, which shows only an amount.","The icon/image is decorative within a labeled parent, so a null content description correctly avoids duplicate speech.",HANDLED,,
r0163,pilot-0013,clickable_icon_not_iconbutton,ISSUE,NO_ISSUE,missing_semantics_role,none,Third copy of the Do-It SettingsScreenContent clickable ListItem (see r0009). No role on the clickable; leading Icon is correctly decorative.,The clickable container has meaningful descendant text or image description that supplies its accessible name.,ISSUE,missing_semantics_role,R2 missing Role.Button on clickable container
r0164,pilot-0036,color_contrast,NO_ISSUE,UNSURE,none,,"Anchor is a 0.5dp border color on a header cell, not text. Border contrast is a non-text concern outside the 15 categories.","The final foreground/background pair depends on theme values, alpha compositing, or a backdrop not resolved in the visible source.",NO_ISSUE,,
r0165,pilot-0029,color_contrast,UNSURE,UNSURE,color_contrast,,Button background is #1F1F1F or #E0E0E0 by theme; the text color drawn on it is not in the window.,"The final foreground/background pair depends on theme values, alpha compositing, or a backdrop not resolved in the visible source.",UNSURE,,CATEGORY ONLY: both agree on verdict; pick category
r0170,pilot-0052,decorative_mislabeled,ISSUE,ISSUE,decorative_mislabeled,none,App icon Image in a hero header described 'croc-app icon' next to the app name Text; the description is redundant. Minor.,The spoken label is a hard-coded string rather than a localized resource.,ISSUE,decorative_mislabeled,R5 localization is out of scope; A label stands
r0171,pilot-0096,missing_content_description,NO_ISSUE,HANDLED,none,none,"Send Icon with null description inside a Button whose Text supplies the name; correctly decorative. The 18dp loading spinner swapped in during upload has no label, but the button Text still reads.","The icon/image is decorative within a labeled parent, so a null content description correctly avoids duplicate speech.",HANDLED,,
r0173,pilot-0248,text_truncation_scaling,NO_ISSUE,ISSUE,none,text_truncation_scaling,"Status label with weight(1f) + maxLines=1 + Ellipsis so the percentage stays visible; a deliberate layout choice noted in a comment, and the full string is still read by TalkBack. Visual truncation of a short status label is acceptable.",A single-line/max-lines constraint with clipping or ellipsis can hide essential text when font scaling or localization expands it.,NO_ISSUE,,R4 MANUAL: unique content? ISSUE(low) : NO_ISSUE
r0174,pilot-0042,decorative_mislabeled,NO_ISSUE,ISSUE,none,none,"Duplicate of r0039 (same file, anchor 106). IconButton with described Icon. Correct.",The spoken label is a hard-coded string rather than a localized resource.,NO_ISSUE,none,R5 localization is out of scope; A label stands
r0175,pilot-0090,missing_content_description,NO_ISSUE,HANDLED,none,none,Leading Icon inside a text button with contentDescription=null; the button's Text provides the name. Correct decorative treatment.,"The icon/image is decorative within a labeled parent, so a null content description correctly avoids duplicate speech.",HANDLED,,
r0177,pilot-0137,missing_interaction_semantics,ISSUE,ISSUE,missing_semantics_role,missing_interaction_semantics,"Attention Image made clickable (opens sync error) with no role; its description 'coin icon' misnames an error indicator. Bounded=false ripple at 20dp suggests a small target, size unknown.",The click action is unlabeled or its visible label does not describe the action exposed at this node.,ISSUE,missing_interaction_semantics,CATEGORY ONLY: both agree on verdict; pick category
r0178,pilot-0027,color_contrast,NO_ISSUE,UNSURE,none,,"Anchor is a status color assignment (#4CAF50, Color.Red) inside a coroutine, not a composable; where it is rendered is not in the window. #4CAF50 on white is roughly 2.8:1 and would fail if used for body text.","The final foreground/background pair depends on theme values, alpha compositing, or a backdrop not resolved in the visible source.",NO_ISSUE,,
r0180,pilot-0142,missing_merge_descendants,NO_ISSUE,HANDLED,none,none,Row inside the Card is .clickable with onClickLabel; clickable merges descendants so sender and code Texts form one node. Merge not missing and the click is labeled. Correct.,The actionable container's clickable semantics already provide the grouping boundary for its descendant label content.,HANDLED,,
r0182,pilot-0001,clickable_icon_not_iconbutton,ISSUE,NO_ISSUE,missing_semantics_role,none,"Fourth copy of the Do-It SettingsScreenContent clickable ListItem (see r0009, r0163). No role on the clickable.",The clickable container has meaningful descendant text or image description that supplies its accessible name.,ISSUE,missing_semantics_role,R2 missing Role.Button on clickable container
r0186,pilot-0260,text_truncation_scaling,NO_ISSUE,ISSUE,none,text_truncation_scaling,Toggle-button label with maxLines=1 + Ellipsis; short button labels are conventionally single-line and TalkBack reads the full text.,A single-line/max-lines constraint with clipping or ellipsis can hide essential text when font scaling or localization expands it.,NO_ISSUE,,R4 MANUAL: unique content? ISSUE(low) : NO_ISSUE
r0188,pilot-0172,missing_semantics_role,ISSUE,NO_ISSUE,missing_semantics_role,none,ListItem with Modifier.clickable and no role; clickable merges headline/supporting so the name is fine.,The clickable container has meaningful descendant text or image description that supplies its accessible name.,ISSUE,missing_semantics_role,R2 missing Role.Button on clickable container
r0189,pilot-0099,missing_content_description,ISSUE,ISSUE,decorative_mislabeled,missing_content_description,"Icon(icon, '') passes an empty string rather than null; an empty description is announced as nothing but still marks the node as non-decorative, and is the wrong idiom. Card is clickable so the icon should be null.","This icon/image is itself actionable, but its content description is null or empty.",ISSUE,decorative_mislabeled,CATEGORY ONLY: both agree on verdict; pick category
r0190,pilot-0037,color_contrast,NO_ISSUE,UNSURE,none,,"Badge with #388E3C text on a 16%-alpha #4CAF50 tint over a surface; on white the effective background stays near-white and #388E3C gives roughly 4.6:1, passing AA for labelMedium. Cannot verify dark theme.","The final foreground/background pair depends on theme values, alpha compositing, or a backdrop not resolved in the visible source.",UNSURE,,
r0191,pilot-0062,error_state_no_semantics,HANDLED,HANDLED,error_state_no_semantics,none,"AppTextField (custom wrapper) with label, isError and supportingText; assuming it forwards to Material, error semantics and message are provided.",The field receives visible supporting/error content (or an error-label parameter) together with its error state.,HANDLED,,CATEGORY ONLY: both agree on verdict; pick category
r0192,pilot-0151,missing_merge_descendants,NO_ISSUE,ISSUE,none,missing_merge_descendants,Static history Card with several Text rows and a Reorder Button; merging the whole card would collapse the button. Not interactive at the card level in the window.,"The card is one informational item, but its related icon/title/detail nodes are exposed separately with no grouping semantics.",NO_ISSUE,,
r0193,pilot-0237,progress_no_semantics,ISSUE,NO_ISSUE,progress_no_semantics,none,"Loading spinner with a sibling 'loading' Text that is not associated. Also that Text is white at 50% alpha, which is unlikely to reach 4.5:1.",The imported Material progress indicator supplies progress-bar semantics by default.,HANDLED,none,R1 framework supplies progress role; no label -> other_issues
r0196,pilot-0012,clickable_icon_not_iconbutton,ISSUE,NO_ISSUE,missing_semantics_role,none,"Duplicate of r0032 (same file, anchor 254). Clickable GlideImage with a name but no role; fallback branch is nameless.",The clickable container has meaningful descendant text or image description that supplies its accessible name.,ISSUE,missing_semantics_role,R2 missing Role.Button on clickable container
r0199,pilot-0028,color_contrast,ISSUE,NO_ISSUE,color_contrast,none,"Dark #0B0D0F background with Color.White text passes, but the 11sp label uses LinePurple at 80% alpha over #1A1D24; purple-on-dark at that size is likely under 4.5:1. Anchor color itself is fine; the derived text color is the risk.",The visible explicit foreground/background combination has adequate contrast at this anchor.,UNSURE,,
r0201,pilot-0005,clickable_icon_not_iconbutton,ISSUE,UNSURE,missing_semantics_role,,"Custom back button: Box.clickable with no role, Icon described 'back' gives a name. Size from dimen icon_button_size, unresolved.",The effective touch bounds depend on Material minimum-target enforcement or an unresolved dimension resource and cannot be confirmed from this window.,ISSUE,missing_semantics_role,
r0202,pilot-0123,missing_interaction_semantics,ISSUE,NO_ISSUE,missing_semantics_role,none,Column.clickable (edit action) with no role; name from merged food name and quantity text.,The clickable container has meaningful descendant text or image description that supplies its accessible name.,ISSUE,missing_semantics_role,R2 missing Role.Button on clickable container
r0203,pilot-0033,color_contrast,UNSURE,UNSURE,color_contrast,,Text color #95A6C5 on primaryContainer from the theme; the container color is theme-resolved so contrast cannot be computed from source. Light grey-blue text is a plausible failure on light containers.,"The final foreground/background pair depends on theme values, alpha compositing, or a backdrop not resolved in the visible source.",UNSURE,,CATEGORY ONLY: both agree on verdict; pick category
r0205,pilot-0163,missing_semantics_role,ISSUE,ISSUE,missing_semantics_role,missing_interaction_semantics,"Avatar image made clickable (navigates to profile) with no role; the description 'Avatar' is generic and does not name the person, which is the useful name for a link.",The click action is unlabeled or its visible label does not describe the action exposed at this node.,ISSUE,missing_interaction_semantics,CATEGORY ONLY: both agree on verdict; pick category
r0208,pilot-0139,missing_interaction_semantics,ISSUE,NO_ISSUE,missing_semantics_role,none,"CircularImage 'Your story' made clickable with no role; the name comes from the component if it exposes it. The AddCircle Icon overlay is null and not itself clickable, which is fine.",The clickable container has meaningful descendant text or image description that supplies its accessible name.,ISSUE,missing_semantics_role,R2 missing Role.Button on clickable container
r0209,pilot-0063,error_state_no_semantics,HANDLED,HANDLED,error_state_no_semantics,none,"OutlinedTextField with label, isError and supportingText carrying the error; the sibling section title even uses semantics { heading() }. Well-formed.",The field receives visible supporting/error content (or an error-label parameter) together with its error state.,HANDLED,,CATEGORY ONLY: both agree on verdict; pick category
r0210,pilot-0136,missing_interaction_semantics,NO_ISSUE,HANDLED,none,none,"Rail item with clickable(role=Role.Tab), semantics { selected = active }, heightIn(min=48dp) and merged label text. Correct.",The click target supplies an explicit role/action label or selected-state semantics at the actionable node.,HANDLED,,
r0212,pilot-0291,touch_target_size,ISSUE,ISSUE,missing_content_description,touch_target_size,"20dp color swatch Box.clickable with no content, no semantics, selection shown only by a border. Nameless, roleless, stateless and far under 48dp.","The visible clickable element is constrained below the 48 dp minimum, with no larger hit area in the visible modifier chain.",ISSUE,touch_target_size,CATEGORY ONLY: both agree on verdict; pick category
r0214,pilot-0071,error_state_no_semantics,UNSURE,HANDLED,error_state_no_semantics,none,isError and errorMessage are passed into a custom BakingTextField not in the window; likely rendered as supportingText but cannot confirm.,The field receives visible supporting/error content (or an error-label parameter) together with its error state.,UNSURE,,
r0216,pilot-0065,error_state_no_semantics,HANDLED,HANDLED,error_state_no_semantics,none,"Text field (BasicTextField-style state API) with isError and supportingText carrying the message; assuming a Material wrapper, error semantics and message are provided.",The field receives visible supporting/error content (or an error-label parameter) together with its error state.,HANDLED,,CATEGORY ONLY: both agree on verdict; pick category
r0217,pilot-0045,decorative_mislabeled,ISSUE,ISSUE,decorative_mislabeled,none,"Fastfood Icon described '92%', duplicating the adjacent Text '92%' so TalkBack reads the value twice; the icon should be null or describe the category ('food rating').",The spoken label is a hard-coded string rather than a localized resource.,ISSUE,decorative_mislabeled,R5 localization is out of scope; A label stands
r0218,pilot-0280,textfield_no_label,HANDLED,HANDLED,textfield_no_label,none,"OutlinedTextField with placeholder only, but the developer adds .semantics { contentDescription = searchLabel } and explains why in a comment; the field has a persistent accessible name.",A stable accessible name is supplied with semantics even though the visible prompt is a placeholder.,HANDLED,,CATEGORY ONLY: both agree on verdict; pick category
r0220,pilot-0041,decorative_mislabeled,NO_ISSUE,ISSUE,none,none,IconButton with Icon 'Back'. Correct. Favorite toggle keeps a static description (same pattern as r0077).,The spoken label is a hard-coded string rather than a localized resource.,NO_ISSUE,none,R5 localization is out of scope; A label stands
r0221,pilot-0124,missing_interaction_semantics,ISSUE,NO_ISSUE,missing_semantics_role,none,AboutRow with Modifier.clickable passed in and no role; leading icons are correctly null. Name comes from the row's label if AboutRow merges (likely via clickable).,The clickable container has meaningful descendant text or image description that supplies its accessible name.,ISSUE,missing_semantics_role,R2 missing Role.Button on clickable container
r0225,pilot-0024,color_contrast,NO_ISSUE,UNSURE,none,,"Anchor is a bar fill color in a Canvas chart, not text; chart data is drawn without semantics but that is outside the 15 categories. Non-text contrast of #4CAF50 bars on the card is not the anchor's question.","The final foreground/background pair depends on theme values, alpha compositing, or a backdrop not resolved in the visible source.",NO_ISSUE,,
r0226,pilot-0262,textfield_no_label,ISSUE,NO_ISSUE,textfield_no_label,none,"Search TextField with placeholder 'Search' only, no label. Leading Icon uses a custom wrapper with no description, which is fine as decorative.","The imported TextField is a project-specific wrapper, so the Material TextField detector does not apply at this anchor.",NO_ISSUE,,
r0228,pilot-0082,missing_content_description,NO_ISSUE,ISSUE,none,none,IconButton with Icon described 'Browser commands'. Correct.,The spoken label is a hard-coded string rather than a localized resource.,NO_ISSUE,none,R5 localization is out of scope; A label stands
r0232,pilot-0241,text_truncation_scaling,NO_ISSUE,ISSUE,none,text_truncation_scaling,Short labelSmall tile caption with maxLines=1 + Ellipsis; the value below is the content and is unconstrained. Caption truncation is acceptable.,A single-line/max-lines constraint with clipping or ellipsis can hide essential text when font scaling or localization expands it.,NO_ISSUE,,R4 MANUAL: unique content? ISSUE(low) : NO_ISSUE
r0234,pilot-0259,text_truncation_scaling,NO_ISSUE,ISSUE,none,text_truncation_scaling,"Section title with maxLines=1 + Ellipsis; titles are short resource strings and TalkBack reads the full text. It is a reusable SectionTitle with no heading(), which is the real gap.",A single-line/max-lines constraint with clipping or ellipsis can hide essential text when font scaling or localization expands it.,ISSUE,text_truncation_scaling,R4 MANUAL: unique content? ISSUE(low) : NO_ISSUE
r0237,pilot-0048,decorative_mislabeled,NO_ISSUE,ISSUE,none,none,"Clear-text action Icon with contentDescription 'Clear Text' via a custom wrapper that takes an onClick; naming is fine. 26dp visual size, and whether the wrapper pads the target is unknown.",The spoken label is a hard-coded string rather than a localized resource.,NO_ISSUE,none,R5 localization is out of scope; A label stands
r0238,pilot-0095,missing_content_description,NO_ISSUE,HANDLED,none,none,Decorative MenuBook Icon (null) beside a 'Contents' header Text. Correct. The header has no heading().,"The icon/image is decorative within a labeled parent, so a null content description correctly avoids duplicate speech.",HANDLED,,
r0240,pilot-0228,progress_no_semantics,ISSUE,NO_ISSUE,progress_no_semantics,none,14dp spinner with a sibling 'loading' Text that is not programmatically associated. Same pattern as r0006.,The imported Material progress indicator supplies progress-bar semantics by default.,HANDLED,none,R1 framework supplies progress role; no label -> other_issues
r0242,pilot-0202,pointerinput_no_semantics,UNSURE,NO_ISSUE,none,none,"Anchor resolved to an import line; only the import block is in the window. Extraction artifact, same as r0018.","The anchor is only an import, not a gesture attached to a UI element.",NO_ISSUE,,
r0243,pilot-0162,missing_semantics_role,NO_ISSUE,HANDLED,none,none,"44dp theme swatch Box.clickable with an explicit semantics block: role=RadioButton, selected state, contentDescription from the palette name. Well-formed; 44dp is close to minimum.",The click target supplies an explicit role/action label or selected-state semantics at the actionable node.,HANDLED,,
r0244,pilot-0044,decorative_mislabeled,NO_ISSUE,ISSUE,none,none,IconButton wrapping an Image with contentDescription 'Add new todo'. Correct; explicit 34dp size on an IconButton is padded to 48dp by the framework.,The spoken label is a hard-coded string rather than a localized resource.,NO_ISSUE,none,R5 localization is out of scope; A label stands
r0247,pilot-0191,missing_state_description,ISSUE,ISSUE,missing_semantics_role,missing_state_description,"Row.clickable(role=Role.RadioButton) is not selectable, so no selected state is exposed on the row, and the inner RadioButton keeps its own onClick giving two targets. selectable(selected, role) with RadioButton(onClick=null) is the correct form.",The toggle/radio/checkbox is not given a merged label and stateful role at the actionable node. The parent and child also create duplicate actions.,ISSUE,missing_state_description,CATEGORY ONLY: both agree on verdict; pick category
r0248,pilot-0221,progress_no_semantics,HANDLED,NO_ISSUE,progress_no_semantics,none,"Determinate LinearProgressIndicator with a progress lambda (framework progressSemantics) and an indeterminate fallback, both under a descriptive banner Text.",The imported Material progress indicator supplies progress-bar semantics by default.,HANDLED,,
r0250,pilot-0004,clickable_icon_not_iconbutton,ISSUE,NO_ISSUE,missing_semantics_role,none,"Duplicate of r0075 (same file, anchor 85). 42dp Box.clickable with no role; selected state only via enabled and color.",The clickable container has meaningful descendant text or image description that supplies its accessible name.,ISSUE,missing_semantics_role,R2 missing Role.Button on clickable container
r0251,pilot-0106,missing_heading_semantics,NO_ISSUE,ISSUE,none,missing_heading_semantics,"Empty-state title in titleLarge with subtitle and a button; it is the only content on screen, so heading navigation adds little. Adding heading() would be harmless but its absence is not a defect here.","The text functions as a screen, dialog, card, or section heading, but typography alone does not expose heading semantics.",ISSUE,missing_heading_semantics,
r0252,pilot-0054,decorative_mislabeled,ISSUE,ISSUE,decorative_mislabeled,none,"Large illustrative Icon described 'Install commands', duplicating the button label below it; better as null. Low impact.",The spoken label is a hard-coded string rather than a localized resource.,ISSUE,decorative_mislabeled,R5 localization is out of scope; A label stands
r0253,pilot-0134,missing_interaction_semantics,ISSUE,ISSUE,missing_content_description,missing_interaction_semantics,"Invisible Box overlaid on a date field (matchParentSize, indication=null) with .clickable to open a date picker; the Box has no name, role or label, so TalkBack finds an anonymous clickable covering the field.",The click action is unlabeled or its visible label does not describe the action exposed at this node.,ISSUE,missing_interaction_semantics,CATEGORY ONLY: both agree on verdict; pick category
r0254,pilot-0002,clickable_icon_not_iconbutton,ISSUE,ISSUE,missing_content_description,missing_interaction_semantics,"44dp color swatch Box.clickable with no name (no text, check Icon null) and selection shown only by a border. Nameless, roleless, stateless.",The click action is unlabeled or its visible label does not describe the action exposed at this node.,ISSUE,missing_interaction_semantics,CATEGORY ONLY: both agree on verdict; pick category
r0255,pilot-0132,missing_interaction_semantics,ISSUE,NO_ISSUE,missing_semantics_role,none,Merge-candidate Column.clickable with no role; name comes from merged GlideImage description and text.,The clickable container has meaningful descendant text or image description that supplies its accessible name.,ISSUE,missing_semantics_role,R2 missing Role.Button on clickable container
r0257,pilot-0050,decorative_mislabeled,ISSUE,ISSUE,decorative_mislabeled,none,Poster AsyncImage described 'Movie Image' beside the movie title Text; the description is redundant noise. Also Color(0xFF4AAEC0) 12sp overview text on an unknown dark background.,The spoken label is a hard-coded string rather than a localized resource.,ISSUE,decorative_mislabeled,R5 localization is out of scope; A label stands
r0258,pilot-0081,missing_content_description,NO_ISSUE,ISSUE,none,none,Help IconButton with Icon described 'Help'. Correct; explicit 40dp on IconButton is padded to 48dp by the framework.,The spoken label is a hard-coded string rather than a localized resource.,NO_ISSUE,none,R5 localization is out of scope; A label stands
r0260,pilot-0035,color_contrast,UNSURE,UNSURE,color_contrast,,Search input text #7D8597 on primaryContainer from the theme; container is theme-resolved so contrast cannot be computed. Mid-grey text is a plausible failure.,"The final foreground/background pair depends on theme values, alpha compositing, or a backdrop not resolved in the visible source.",UNSURE,,CATEGORY ONLY: both agree on verdict; pick category
r0262,pilot-0053,decorative_mislabeled,NO_ISSUE,ISSUE,none,none,"Glance widget refresh Image with contentDescription 'refresh' and GlanceModifier.clickable; named and actionable. Glance has no role API. Day text #787878 on #001F3F is roughly 2.4:1, failing.",The spoken label is a hard-coded string rather than a localized resource.,NO_ISSUE,none,R5 localization is out of scope; A label stands
r0264,pilot-0014,clickable_icon_not_iconbutton,ISSUE,NO_ISSUE,missing_semantics_role,none,"ListItem with Modifier.clickable and no role; clickable merges headline and the selected check Icon description. Selected state is conveyed via that description rather than semantics, which works but is fragile.",The clickable container has meaningful descendant text or image description that supplies its accessible name.,ISSUE,missing_semantics_role,R2 missing Role.Button on clickable container
r0265,pilot-0089,missing_content_description,NO_ISSUE,HANDLED,none,none,Product placeholder Image with contentDescription=null beside brand and product name Texts; the image is illustrative and the text carries the information. Color.Gray brand text on an unknown background.,"The icon/image is decorative within a labeled parent, so a null content description correctly avoids duplicate speech.",HANDLED,,
r0268,pilot-0135,missing_interaction_semantics,ISSUE,NO_ISSUE,missing_semantics_role,none,Settings Row.clickable with no role; label and value Texts merge into the name via clickable.,The clickable container has meaningful descendant text or image description that supplies its accessible name.,ISSUE,missing_semantics_role,R2 missing Role.Button on clickable container
r0270,pilot-0244,text_truncation_scaling,NO_ISSUE,ISSUE,none,text_truncation_scaling,Selected-status label in a dropdown trigger with maxLines=1 + Ellipsis; short resource strings and TalkBack reads the full text.,A single-line/max-lines constraint with clipping or ellipsis can hide essential text when font scaling or localization expands it.,NO_ISSUE,,R4 MANUAL: unique content? ISSUE(low) : NO_ISSUE
r0271,pilot-0055,decorative_mislabeled,ISSUE,ISSUE,decorative_mislabeled,none,"Duplicate of r0217 (same file, anchor 278). Icon described '92%' next to Text '92%'.",The spoken label is a hard-coded string rather than a localized resource.,ISSUE,decorative_mislabeled,R5 localization is out of scope; A label stands
r0272,pilot-0051,decorative_mislabeled,ISSUE,ISSUE,decorative_mislabeled,none,Leading Icon described 'Icon' and the trailing IconButton's Icon described 'Button Icon'; both are noise and the trailing one is an unnamed action. The row itself is not clickable.,The spoken label is a hard-coded string rather than a localized resource.,ISSUE,decorative_mislabeled,R5 localization is out of scope; A label stands
r0273,pilot-0175,missing_semantics_role,ISSUE,NO_ISSUE,missing_semantics_role,none,Nav row .clickable with no role; drag handle Icon is described 'Drag to reorder' but the drag itself is gesture-only (see r0206).,The clickable container has meaningful descendant text or image description that supplies its accessible name.,ISSUE,missing_semantics_role,R2 missing Role.Button on clickable container
r0274,pilot-0190,missing_state_description,NO_ISSUE,HANDLED,none,none,"Row.toggleable(role=Role.Switch) with minimumInteractiveComponentSize, merged PreferenceText, and a Switch rendered without its own ripple. Textbook implementation.",The parent uses toggleable/selectable semantics with the correct role and label; the child control is display-only.,HANDLED,,
r0275,pilot-0299,touch_target_size,ISSUE,HANDLED,missing_content_description,none,"ColorSwatch (32dp) inside a clickable expander Row; the swatch has no description so the current color is not announced, and the Row has no role or expanded state. The expand Icon is described, which partly names the row.","The small visual is inside a larger padded/clickable parent, so the effective target is not limited to the icon's size.",ISSUE,missing_content_description,
r0276,pilot-0188,missing_state_description,NO_ISSUE,HANDLED,none,none,ListItem.toggleable(role=Role.Switch) with Switch(onCheckedChange=null); toggleable merges headline and supporting text. Correct.,The parent uses toggleable/selectable semantics with the correct role and label; the child control is display-only.,HANDLED,,
r0277,pilot-0170,missing_semantics_role,ISSUE,ISSUE,missing_content_description,missing_semantics_role,"Demo: outer Box.clickable and nested Surface.clickable, neither with a name or role; the outer Box has no text child so it is an anonymous clickable. Illustrative sample code, low.",Nested clickable containers expose competing actions and ambiguous semantics at the anchored outer click target.,ISSUE,missing_interaction_semantics,CATEGORY ONLY: both agree on verdict; pick category
r0278,pilot-0059,decorative_mislabeled,ISSUE,ISSUE,decorative_mislabeled,none,IconButton navigating to detail has its Icon described 'next icon'; the word 'icon' is noise and the name does not say what it opens. Should be 'View details' or similar.,The spoken label is a hard-coded string rather than a localized resource.,ISSUE,decorative_mislabeled,R5 localization is out of scope; A label stands
r0279,pilot-0049,decorative_mislabeled,ISSUE,ISSUE,decorative_mislabeled,none,"Menu IconButton with a no-op onClick and Icon described 'menu'; the description is fine as a name, but a named action that does nothing misleads TalkBack users. Borderline; the naming itself is acceptable.",The spoken label is a hard-coded string rather than a localized resource.,ISSUE,decorative_mislabeled,R5 localization is out of scope; A label stands
r0280,pilot-0236,progress_no_semantics,ISSUE,NO_ISSUE,progress_no_semantics,none,"Indeterminate LinearProgressIndicator shown while fetching, no label; progress bar announces without context.","The imported progress indicator is a project-specific wrapper, not the Material component targeted by this pattern.",HANDLED,none,R1 framework supplies progress role; no label -> other_issues
r0283,pilot-0161,missing_semantics_role,ISSUE,ISSUE,missing_semantics_role,missing_interaction_semantics,Copy-ID Row.clickable with no role; name from merged text and 'Copy ID' Icon description. bodySmall text plus a 14dp icon with no padding inside the clickable gives a target well under 48dp.,The click action is unlabeled or its visible label does not describe the action exposed at this node.,ISSUE,missing_semantics_role,CATEGORY ONLY: both agree on verdict; pick category
r0285,pilot-0192,missing_state_description,NO_ISSUE,HANDLED,none,none,"Duplicate of r0274 (fork of the same project, anchor 39). Row.toggleable(role=Switch) with minimumInteractiveComponentSize. Correct.",The parent uses toggleable/selectable semantics with the correct role and label; the child control is display-only.,HANDLED,,
r0288,pilot-0131,missing_interaction_semantics,ISSUE,NO_ISSUE,missing_semantics_role,none,City result Text.clickable with no role; bodyMedium plus 8dp vertical padding inside the clickable gives roughly 36dp. Name is the city text.,The clickable container has meaningful descendant text or image description that supplies its accessible name.,ISSUE,missing_semantics_role,R2 missing Role.Button on clickable container
r0290,pilot-0100,missing_content_description,NO_ISSUE,HANDLED,none,none,Leading lock Icon with null description inside a labeled password field; decorative. The visibility toggle is an IconButton with a state-aware description. Correct.,"The icon/image is decorative within a labeled parent, so a null content description correctly avoids duplicate speech.",HANDLED,,
r0291,pilot-0088,missing_content_description,NO_ISSUE,ISSUE,none,none,IconButton with Icon 'Back'. Correct.,The spoken label is a hard-coded string rather than a localized resource.,NO_ISSUE,none,R5 localization is out of scope; A label stands
r0293,pilot-0122,missing_interaction_semantics,ISSUE,ISSUE,missing_content_description,missing_interaction_semantics,"Amount display Text made clickable (indication=null) to focus a hidden 1dp text field; the visible element has no role or label saying it edits the amount, and the real input is alpha 0 and 1dp, which is a hidden-control pattern TalkBack handles poorly.",The click action is unlabeled or its visible label does not describe the action exposed at this node.,ISSUE,missing_interaction_semantics,CATEGORY ONLY: both agree on verdict; pick category
r0295,pilot-0021,color_contrast,NO_ISSUE,UNSURE,none,,"Anchor is a 2dp border color (#4CAF50 vs outline) used as a success flash, not text. Success is also shown by an Icon + Text row, so color is not the only cue.","The final foreground/background pair depends on theme values, alpha compositing, or a backdrop not resolved in the visible source.",NO_ISSUE,,
r0296,pilot-0189,missing_state_description,ISSUE,ISSUE,missing_merge_descendants,missing_interaction_semantics,Checkbox and its label Text are unassociated siblings in an unmerged Row; the Checkbox focuses without a name. State announced natively.,The toggle/radio/checkbox is not given a merged label and stateful role at the actionable node.,ISSUE,missing_merge_descendants,CATEGORY ONLY: both agree on verdict; pick category
r0297,pilot-0072,error_state_no_semantics,UNSURE,HANDLED,error_state_no_semantics,none,isError and errorText passed into a custom EmailTextField not in the window; likely rendered via supportingText but cannot confirm.,The field receives visible supporting/error content (or an error-label parameter) together with its error state.,UNSURE,,