full_name,source,stars,license,default_branch,pushed_at,days_since_push,compose_files_saved,url,accessed
shardulvs/pdfinspector-android,fdroid,40,MIT,master,2026-06-14T10:49:44Z,88,10,https://github.com/shardulvs/pdfinspector-android,2026-09-11
iTsMe-Zen/Areada,fdroid,138,APACHE-2.0,main,2026-09-05T07:50:49Z,5,25,https://github.com/iTsMe-Zen/Areada,2026-09-11
itsluminous/ClearSMS,fdroid,42,APACHE-2.0,main,2026-09-09T13:12:44Z,1,25,https://github.com/itsluminous/ClearSMS,2026-09-11
geteduroam/android-app,fdroid,47,BSD-3-CLAUSE,main,2026-08-10T18:30:37Z,31,13,https://github.com/geteduroam/android-app,2026-09-11
psfinaki/HypoStats,fdroid,4,MIT,main,2026-03-31T15:47:03Z,163,14,https://github.com/psfinaki/HypoStats,2026-09-11
maxwhipw/marmalade-tts-android,fdroid,21,MIT,main,2026-09-08T05:42:41Z,2,24,https://github.com/maxwhipw/marmalade-tts-android,2026-09-11
Hamza417/Peristyle,fdroid,707,APACHE-2.0,master,2026-09-05T09:32:07Z,5,25,https://github.com/Hamza417/Peristyle,2026-09-11
Smarzaro/Foss4g2024Schedule,fdroid,1,APACHE-2.0,master,2025-07-31T01:10:11Z,407,4,https://github.com/Smarzaro/Foss4g2024Schedule,2026-09-11
ZornsLemma/my-price-log,fdroid,19,MIT,master,2026-06-04T11:28:25Z,98,25,https://github.com/ZornsLemma/my-price-log,2026-09-11
maximilian-schwaerzler/Do-It,fdroid,16,APACHE-2.0,master,2026-07-08T21:39:29Z,64,10,https://github.com/maximilian-schwaerzler/Do-It,2026-09-11
EventFahrplan/EventFahrplan,fdroid,279,APACHE-2.0,master,2026-09-10T21:32:29Z,0,25,https://github.com/EventFahrplan/EventFahrplan,2026-09-11
J0s3f/Fechtkarte,fdroid,6,APACHE-2.0,main,2026-09-09T17:35:03Z,1,13,https://github.com/J0s3f/Fechtkarte,2026-09-11
linuxtage/EventFahrplan,fdroid,2,APACHE-2.0,glt-2022,2026-08-20T06:15:21Z,21,18,https://github.com/linuxtage/EventFahrplan,2026-09-11
OMGSoundboard/android-app,fdroid,52,APACHE-2.0,development,2026-07-01T16:25:13Z,71,25,https://github.com/OMGSoundboard/android-app,2026-09-11
chvp/NanoLedger,fdroid,130,MIT,main,2026-09-05T09:47:12Z,5,7,https://github.com/chvp/NanoLedger,2026-09-11
digiexchris/RoadTripRadar,fdroid,33,MIT,main,2026-08-22T09:41:29Z,19,25,https://github.com/digiexchris/RoadTripRadar,2026-09-11
piratecash/pcash-wallet,fdroid,41,MIT,master,2026-09-11T01:54:21Z,0,25,https://github.com/piratecash/pcash-wallet,2026-09-11
Nyabsi/VRCAA,fdroid,152,APACHE-2.0,main,2026-06-15T23:03:54Z,87,25,https://github.com/Nyabsi/VRCAA,2026-09-11
FreezeYou/FreezeYou,fdroid,272,APACHE-2.0,master,2026-08-09T10:19:53Z,32,5,https://github.com/FreezeYou/FreezeYou,2026-09-11
DigitaleGesellschaft/EventFahrplan,fdroid,2,APACHE-2.0,main,2026-08-02T07:50:41Z,39,23,https://github.com/DigitaleGesellschaft/EventFahrplan,2026-09-11
fflopsi/mensa-zh,fdroid,16,MIT,main,2026-07-30T14:09:33Z,42,15,https://github.com/fflopsi/mensa-zh,2026-09-11
Waboodoo/HTTP-Shortcuts,fdroid,1813,MIT,develop,2026-09-03T18:22:36Z,7,25,https://github.com/Waboodoo/HTTP-Shortcuts,2026-09-11
Waboodoo/Status-Bar-Tachometer,fdroid,94,MIT,develop,2026-02-25T08:00:44Z,197,10,https://github.com/Waboodoo/Status-Bar-Tachometer,2026-09-11
zodl-inc/zodl-android,fdroid,99,MIT,main,2026-09-11T04:28:46Z,0,25,https://github.com/zodl-inc/zodl-android,2026-09-11
Dev-Aditya-More/PokeVerse,fdroid,31,MIT,master,2026-08-28T14:19:58Z,13,25,https://github.com/Dev-Aditya-More/PokeVerse,2026-09-11
norsehorse-dev/AgePonyAndroid,fdroid,24,APACHE-2.0,main,2026-09-11T05:04:10Z,0,25,https://github.com/norsehorse-dev/AgePonyAndroid,2026-09-11
modelorona/TapLock,fdroid,28,APACHE-2.0,main,2026-09-06T01:05:40Z,5,7,https://github.com/modelorona/TapLock,2026-09-11
gininaba/AIPOSPasswordManager,fdroid,15,APACHE-2.0,main,2026-09-03T09:20:51Z,7,15,https://github.com/gininaba/AIPOSPasswordManager,2026-09-11
elgrande73/FOSS-snore-detector-android-app,fdroid,11,APACHE-2.0,main,2026-08-23T17:39:47Z,18,3,https://github.com/elgrande73/FOSS-snore-detector-android-app,2026-09-11
seeingred/aka-alarm,fdroid,19,MIT,main,2026-08-17T14:53:06Z,24,4,https://github.com/seeingred/aka-alarm,2026-09-11
akexorcist/ruam-mij-android,fdroid,239,APACHE-2.0,main,2026-07-28T21:08:44Z,44,25,https://github.com/akexorcist/ruam-mij-android,2026-09-11
AmanoTeam/Kahon,fdroid,331,APACHE-2.0,master,2026-09-06T00:25:31Z,5,25,https://github.com/AmanoTeam/Kahon,2026-09-11
AmrDeveloper/LinkHub,fdroid,330,MIT,master,2026-08-09T18:43:31Z,32,19,https://github.com/AmrDeveloper/LinkHub,2026-09-11
amrdeveloper/Turtle,fdroid,76,MIT,master,2026-08-19T15:14:18Z,22,12,https://github.com/AmrDeveloper/Turtle,2026-09-11
barbeau/gpstest,fdroid,2396,APACHE-2.0,master,2026-09-02T10:36:19Z,8,7,https://github.com/barbeau/gpstest,2026-09-11
google/talkback,fdroid,514,APACHE-2.0,master,2026-04-01T16:19:48Z,162,21,https://github.com/google/talkback,2026-09-11
Q7DF1/XrayFA,fdroid,125,APACHE-2.0,main,2026-09-10T19:27:55Z,0,25,https://github.com/Q7DF1/XrayFA,2026-09-11
RisorseArtificiali/anti-vocale,fdroid,86,APACHE-2.0,main,2026-09-11T05:38:27Z,-1,25,https://github.com/RisorseArtificiali/anti-vocale,2026-09-11
Antoine-lab-pixel/BoxingClock,fdroid,4,MIT,main,2026-03-01T09:21:00Z,193,6,https://github.com/Antoine-lab-pixel/BoxingClock,2026-09-11
AnySoftKeyboard/janus,fdroid,21,APACHE-2.0,main,2026-09-10T17:50:56Z,0,21,https://github.com/AnySoftKeyboard/janus,2026-09-11
cryptrr/AutoPie,fdroid,200,APACHE-2.0,main,2026-09-11T05:01:32Z,0,22,https://github.com/cryptrr/AutoPie,2026-09-11
axelblatt/MissionAndroid,fdroid,7,APACHE-2.0,master,2026-09-06T15:09:54Z,4,8,https://github.com/axelblatt/MissionAndroid,2026-09-11
beradeep/aiyo,fdroid,46,APACHE-2.0,master,2026-07-25T16:42:15Z,47,25,https://github.com/beradeep/aiyo,2026-09-11
bernaferrari/SDKMonitor,fdroid,299,APACHE-2.0,main,2026-07-24T18:12:07Z,48,24,https://github.com/bernaferrari/SDKMonitor,2026-09-11
higorslva/biketrackd,fdroid,7,MIT,main,2026-08-12T12:11:29Z,29,16,https://github.com/higorslva/biketrackd,2026-09-11
massivemadness/Squircle-CE,fdroid,1874,APACHE-2.0,master,2026-08-31T17:05:17Z,10,25,https://github.com/massivemadness/Squircle-CE,2026-09-11
BlazeCodeDev/TSViewer,fdroid,25,MIT,master,2024-10-30T15:54:50Z,680,25,https://github.com/BlazeCodeDev/TSViewer,2026-09-11
braniik/slate,fdroid,7,MIT,master,2026-09-06T11:26:17Z,4,20,https://github.com/braniik/slate,2026-09-11
hwki/SimpleBitcoinWidget,fdroid,127,MIT,master,2026-07-17T19:10:58Z,55,12,https://github.com/hwki/SimpleBitcoinWidget,2026-09-11
norsehorse-dev/BurnPonyAndroid,fdroid,18,APACHE-2.0,main,2026-08-25T22:31:14Z,16,11,https://github.com/norsehorse-dev/BurnPonyAndroid,2026-09-11
celzero/rethink-app,fdroid,5399,APACHE-2.0,main,2026-09-09T21:52:43Z,1,22,https://github.com/celzero/rethink-app,2026-09-11
44114/android-room,fdroid,10,MIT,master,2026-08-07T23:42:49Z,34,10,https://github.com/44114/android-room,2026-09-11
Chesire/Nekome,fdroid,523,APACHE-2.0,master,2026-09-09T22:16:34Z,1,14,https://github.com/Chesire/Nekome,2026-09-11
Chesire/Pushie,fdroid,19,APACHE-2.0,master,2026-09-10T02:18:05Z,1,3,https://github.com/Chesire/Pushie,2026-09-11
chmouel/liseur,fdroid,71,MIT,main,2026-09-11T05:47:27Z,-1,25,https://github.com/chmouel/liseur,2026-09-11
CliffracerMerchant/SoundAura,fdroid,86,APACHE-2.0,master,2026-08-16T16:18:24Z,25,25,https://github.com/CliffracerMerchant/SoundAura,2026-09-11
corphish/TextTools,fdroid,177,APACHE-2.0,main,2026-08-11T10:40:04Z,30,18,https://github.com/corphish/TextTools,2026-09-11
CraftWorksMC/Chora,fdroid,417,APACHE-2.0,master,2026-07-25T17:02:23Z,47,25,https://github.com/CraftWorksMC/Chora,2026-09-11
christianrowlands/android-network-survey,fdroid,563,APACHE-2.0,develop,2026-09-10T15:16:43Z,0,25,https://github.com/christianrowlands/android-network-survey,2026-09-11
crome1394/point-forecast,fdroid,2,MIT,main,2026-08-30T22:57:40Z,11,14,https://github.com/crome1394/point-forecast,2026-09-11
nemoXdev/CryptoSafe,fdroid,24,MIT,main,2026-08-11T01:11:34Z,31,22,https://github.com/nemoXdev/CryptoSafe,2026-09-11
cvc953/localplayer,fdroid,30,MIT,master,2026-09-06T21:42:40Z,4,25,https://github.com/cvc953/localplayer,2026-09-11
DaKlok/BibleLockScreen,fdroid,19,APACHE-2.0,master,2026-09-10T21:16:11Z,0,5,https://github.com/DaKlok/BibleLockScreen,2026-09-11
SecureCamera/SecureCameraAndroid,fdroid,190,MIT,main,2026-08-13T13:15:46Z,28,25,https://github.com/SecureCamera/SecureCameraAndroid,2026-09-11
Darkrock-Studios/FastTrack,fdroid,56,MIT,main,2026-08-10T07:04:38Z,31,25,https://github.com/Darkrock-Studios/FastTrack,2026-09-11
Darkrock-Studios/hammer-editor,fdroid,731,MIT,develop,2026-09-05T07:24:22Z,5,25,https://github.com/Darkrock-Studios/hammer-editor,2026-09-11
hushenghao/AndroidEasterEggs,fdroid,1278,APACHE-2.0,main,2026-09-10T05:35:19Z,0,25,https://github.com/hushenghao/AndroidEasterEggs,2026-09-11
demosten-com/SrednaBG,fdroid,3,MIT,main,2026-09-07T15:03:58Z,3,15,https://github.com/demosten-com/SrednaBG,2026-09-11
android/nowinandroid,github:stars:>2000,21792,APACHE-2.0,main,2026-09-11T05:08:39Z,0,25,https://github.com/android/nowinandroid,2026-09-11
IacobIonut01/ReFra,github:stars:>2000,2761,APACHE-2.0,main,2026-09-07T20:24:31Z,3,25,https://github.com/IacobIonut01/ReFra,2026-09-11
dmzz-yyhyy/LightNovelReader,github:stars:>2000,2072,APACHE-2.0,refactoring,2026-09-08T14:16:54Z,2,25,https://github.com/dmzz-yyhyy/LightNovelReader,2026-09-11
RevenueCat/purchases-android,github:stars:500..2000,559,MIT,main,2026-09-10T19:15:43Z,0,25,https://github.com/RevenueCat/purchases-android,2026-09-11
miaowmiaow/fragmject,github:stars:500..2000,1466,APACHE-2.0,master,2026-09-07T05:11:29Z,4,25,https://github.com/miaowmiaow/fragmject,2026-09-11
android/androidify,github:stars:500..2000,1976,APACHE-2.0,main,2026-09-05T09:47:08Z,5,25,https://github.com/android/androidify,2026-09-11
phansier/Coffeegram,github:stars:500..2000,534,APACHE-2.0,develop,2026-09-03T13:42:45Z,7,25,https://github.com/phansier/Coffeegram,2026-09-11
Pool-Of-Tears/Myne,github:stars:500..2000,1514,APACHE-2.0,main,2026-08-23T14:17:04Z,18,25,https://github.com/Pool-Of-Tears/Myne,2026-09-11
GetStream/whatsApp-clone-compose,github:stars:500..2000,1379,APACHE-2.0,main,2026-07-08T13:57:27Z,64,22,https://github.com/GetStream/whatsApp-clone-compose,2026-09-11
waseefakhtar/dose-android,github:stars:500..2000,633,MIT,main,2025-12-03T09:58:05Z,281,17,https://github.com/waseefakhtar/dose-android,2026-09-11
iOrchid/android-jetpack-demo,github:stars:500..2000,711,APACHE-2.0,master,2025-07-15T02:55:01Z,423,25,https://github.com/iOrchid/android-jetpack-demo,2026-09-11
romainguy/sample-materials-shop,github:stars:500..2000,509,APACHE-2.0,main,2024-06-13T15:39:24Z,819,4,https://github.com/romainguy/sample-materials-shop,2026-09-11
jordond/MaterialKolor,github:stars:500..2000,936,MIT,main,2026-09-09T20:14:37Z,1,25,https://github.com/jordond/MaterialKolor,2026-09-11
imashnake0/Animite,github:stars:500..2000,512,APACHE-2.0,main,2026-09-07T11:35:56Z,3,25,https://github.com/imashnake0/Animite,2026-09-11
alorma/Compose-Settings,github:stars:500..2000,568,MIT,main,2026-09-02T09:58:00Z,8,25,https://github.com/alorma/Compose-Settings,2026-09-11
v1tzor/TimePlanner,github:stars:500..2000,689,APACHE-2.0,main,2026-08-30T19:07:17Z,11,25,https://github.com/v1tzor/TimePlanner,2026-09-11
ImaginativeShohag/Why-Not-Compose,github:stars:500..2000,732,APACHE-2.0,main,2026-07-23T08:56:21Z,49,25,https://github.com/ImaginativeShohag/Why-Not-Compose,2026-09-11
maxkeppeler/sheets-compose-dialogs,github:stars:500..2000,929,APACHE-2.0,main,2024-10-09T14:38:05Z,701,25,https://github.com/maxkeppeler/sheets-compose-dialogs,2026-09-11
alexvanyo/composelife,github:stars:100..500,266,APACHE-2.0,main,2026-09-11T03:24:39Z,0,25,https://github.com/alexvanyo/composelife,2026-09-11
Dking08/croc-app,github:stars:100..500,105,MIT,master,2026-09-09T11:46:06Z,1,15,https://github.com/Dking08/croc-app,2026-09-11
zhishengplus/ZhishengWeather,github:stars:100..500,155,MIT,main,2026-09-08T09:23:38Z,2,25,https://github.com/zhishengplus/ZhishengWeather,2026-09-11
wisnukurniawan/Compose-ToDo,github:stars:100..500,449,APACHE-2.0,main,2026-09-09T21:49:53Z,1,25,https://github.com/wisnukurniawan/Compose-ToDo,2026-09-11
mobiledevpro/closetalk.app,github:stars:100..500,342,APACHE-2.0,main,2026-09-05T22:03:50Z,5,25,https://github.com/mobiledevpro/closetalk.app,2026-09-11
googol-apps/Gallery,github:stars:100..500,132,APACHE-2.0,master,2026-09-04T16:48:46Z,6,19,https://github.com/googol-apps/Gallery,2026-09-11
Nevodev/Cresto,github:stars:100..500,307,APACHE-2.0,master,2026-09-04T04:26:13Z,7,25,https://github.com/Nevodev/Cresto,2026-09-11
lorenzovngl/FoodExpirationDates,github:stars:100..500,223,MIT,main,2026-09-10T11:22:35Z,0,25,https://github.com/lorenzovngl/FoodExpirationDates,2026-09-11
odaridavid/WeatherApp,github:stars:100..500,189,APACHE-2.0,develop,2026-09-10T12:36:41Z,0,18,https://github.com/odaridavid/WeatherApp,2026-09-11
wisnukurniawan/Compose-Expense,github:stars:100..500,184,APACHE-2.0,main,2026-09-09T17:42:09Z,1,25,https://github.com/wisnukurniawan/Compose-Expense,2026-09-11
GetStream/stream-draw-android,github:stars:100..500,341,APACHE-2.0,main,2026-07-14T10:32:55Z,58,25,https://github.com/GetStream/stream-draw-android,2026-09-11
GetStream/meeting-room-compose,github:stars:100..500,152,APACHE-2.0,main,2026-07-14T10:32:02Z,58,5,https://github.com/GetStream/meeting-room-compose,2026-09-11
moallemi/Film-Time,github:stars:100..500,123,MIT,dev,2026-07-07T19:00:34Z,65,25,https://github.com/moallemi/Film-Time,2026-09-11
CarGuo/GSYGithubAppCompose,github:stars:100..500,126,APACHE-2.0,master,2026-05-30T11:22:30Z,103,25,https://github.com/CarGuo/GSYGithubAppCompose,2026-09-11
AliAsadi/Android-Clean-Architecture,github:stars:100..500,452,APACHE-2.0,master,2026-05-29T12:19:47Z,104,19,https://github.com/AliAsadi/Android-Clean-Architecture,2026-09-11
UmairKhalid786/ComposeTv,github:stars:100..500,280,APACHE-2.0,master,2026-04-06T21:06:34Z,157,25,https://github.com/UmairKhalid786/ComposeTv,2026-09-11
msusman1/Amadz,github:stars:100..500,104,APACHE-2.0,master,2026-03-19T15:58:41Z,175,25,https://github.com/msusman1/Amadz,2026-09-11
ArcaDone/AwesomeUI,github:stars:100..500,237,APACHE-2.0,main,2026-03-14T17:40:29Z,180,25,https://github.com/ArcaDone/AwesomeUI,2026-09-11
SmartToolFactory/Compose-Drawing-App,github:stars:100..500,123,MIT,master,2026-02-10T17:21:55Z,212,7,https://github.com/SmartToolFactory/Compose-Drawing-App,2026-09-11
T8RIN/CookHelper,github:stars:100..500,190,APACHE-2.0,master,2025-10-22T07:38:34Z,323,25,https://github.com/T8RIN/CookHelper,2026-09-11
TheSomeshKumar/Flixplorer,github:stars:100..500,105,MIT,main,2025-08-17T12:48:46Z,389,21,https://github.com/TheSomeshKumar/Flixplorer,2026-09-11
RajashekarRaju/compose-actors,github:stars:100..500,299,APACHE-2.0,development,2025-07-24T10:37:32Z,413,25,https://github.com/RajashekarRaju/compose-actors,2026-09-11
krzdabrowski/android-starter-2022,github:stars:100..500,435,MIT,master,2024-11-23T13:32:57Z,656,9,https://github.com/krzdabrowski/android-starter-2022,2026-09-11
Angel-Studio/SoundTap,github:stars:100..500,127,APACHE-2.0,master,2024-08-02T21:11:15Z,769,21,https://github.com/Angel-Studio/SoundTap,2026-09-11
avidraghav/SpaceDawn,github:stars:100..500,134,APACHE-2.0,main,2024-05-25T08:01:20Z,838,11,https://github.com/avidraghav/SpaceDawn,2026-09-11
michaelbel/movies,github:stars:100..500,341,APACHE-2.0,develop,2026-09-10T10:29:54Z,0,25,https://github.com/michaelbel/movies,2026-09-11
joelkanyi/kompose-country-code-picker,github:stars:100..500,306,APACHE-2.0,main,2026-09-11T01:29:15Z,0,5,https://github.com/joelkanyi/kompose-country-code-picker,2026-09-11
XiaochangXu/HeartRateMonitor-composeui,github:stars:100..500,187,MIT,main,2026-09-07T03:31:38Z,4,25,https://github.com/XiaochangXu/HeartRateMonitor-composeui,2026-09-11
side-codes/anyColorPicker,github:stars:100..500,323,APACHE-2.0,master,2026-09-10T02:42:52Z,1,21,https://github.com/side-codes/anyColorPicker,2026-09-11
nikbulavin/cashsense,github:stars:100..500,175,APACHE-2.0,main,2026-07-19T07:48:17Z,53,25,https://github.com/nikbulavin/cashsense,2026-09-11
AhmadHassan-BTed/Parchment,github:stars:100..500,115,APACHE-2.0,main,2026-06-30T14:35:22Z,72,10,https://github.com/AhmadHassan-BTed/Parchment,2026-09-11
binayshaw7777/KotStep,github:stars:100..500,317,APACHE-2.0,master,2026-03-19T06:49:01Z,175,25,https://github.com/binayshaw7777/KotStep,2026-09-11
marosseleng/compose-material3-datetime-pickers,github:stars:100..500,159,APACHE-2.0,main,2024-10-01T18:19:45Z,709,13,https://github.com/marosseleng/compose-material3-datetime-pickers,2026-09-11
MohamadOday/iris-gallery,github:stars:30..100,49,APACHE-2.0,main,2026-09-10T10:55:42Z,0,15,https://github.com/MohamadOday/iris-gallery,2026-09-11
gabriel-TheCode/Infotify,github:stars:30..100,44,APACHE-2.0,main,2026-09-07T19:24:59Z,3,17,https://github.com/gabriel-TheCode/Infotify,2026-09-11
hosizoraru/KeiOS,github:stars:30..100,75,APACHE-2.0,master,2026-09-05T20:42:49Z,5,25,https://github.com/hosizoraru/KeiOS,2026-09-11
NicosNicolaou16/Pokedex_Compose,github:stars:30..100,32,APACHE-2.0,main,2026-09-04T17:35:20Z,6,7,https://github.com/NicosNicolaou16/Pokedex_Compose,2026-09-11
knightafter/Blind-Nav-Android-App-for-Blind-persons,github:stars:30..100,33,MIT,main,2026-08-29T05:00:03Z,13,6,https://github.com/knightafter/Blind-Nav-Android-App-for-Blind-persons,2026-09-11
isotjs/todosian-app,github:stars:30..100,38,APACHE-2.0,main,2026-08-22T20:45:37Z,19,13,https://github.com/isotjs/todosian-app,2026-09-11
hadiyarajesh/compose-template,github:stars:30..100,33,MIT,main,2026-09-07T07:55:44Z,3,9,https://github.com/hadiyarajesh/compose-template,2026-09-11
HeyPouya/AndroidAppUpdater,github:stars:30..100,89,APACHE-2.0,master,2026-09-10T01:34:24Z,1,10,https://github.com/HeyPouya/AndroidAppUpdater,2026-09-11
cnrture/Quizzy-Compose-Multi-Module,github:stars:30..100,77,MIT,master,2026-08-05T22:20:19Z,36,25,https://github.com/cnrture/Quizzy-Compose-Multi-Module,2026-09-11
xavier-tobin/BundledUI-Android,github:stars:30..100,40,MIT,main,2026-08-01T06:29:58Z,40,25,https://github.com/xavier-tobin/BundledUI-Android,2026-09-11
open-turo/nibel,github:stars:30..100,83,MIT,main,2026-09-11T03:07:07Z,0,15,https://github.com/open-turo/nibel,2026-09-11
GetStream/liveshopping-android,github:stars:30..100,77,APACHE-2.0,main,2026-07-09T09:35:09Z,63,17,https://github.com/GetStream/liveshopping-android,2026-09-11
gautam84/Foodike,github:stars:30..100,62,MIT,master,2026-06-23T21:52:05Z,79,25,https://github.com/gautam84/Foodike,2026-09-11
uditbhaskar/Whizzz-The-ChatApp,github:stars:30..100,74,MIT,master,2026-04-27T15:42:00Z,136,18,https://github.com/uditbhaskar/Whizzz-The-ChatApp,2026-09-11
platacard/PagerIndicator,github:stars:30..100,64,APACHE-2.0,main,2026-03-04T17:30:12Z,190,4,https://github.com/platacard/PagerIndicator,2026-09-11
dantech0xff/compose-qr-code-scanner,github:stars:30..100,41,MIT,main,2026-02-14T22:57:25Z,208,15,https://github.com/dantech0xff/compose-qr-code-scanner,2026-09-11
vinchamp77/AndroidNews,github:stars:30..100,70,APACHE-2.0,master,2026-01-01T03:22:23Z,253,25,https://github.com/vinchamp77/AndroidNews,2026-09-11
eslamfaisal/android-compose-clean-architecture-sample,github:stars:30..100,86,APACHE-2.0,main,2025-12-30T20:50:16Z,254,15,https://github.com/eslamfaisal/android-compose-clean-architecture-sample,2026-09-11
sergio11/fitflextv_android,github:stars:30..100,55,APACHE-2.0,master,2025-11-26T18:08:52Z,288,25,https://github.com/sergio11/fitflextv_android,2026-09-11
dononcharles/NiceToast,github:stars:30..100,32,APACHE-2.0,master,2025-11-16T21:57:25Z,298,4,https://github.com/dononcharles/NiceToast,2026-09-11
MwaiBanda/Momentum,github:stars:30..100,40,MIT,master,2025-10-13T02:32:48Z,333,25,https://github.com/MwaiBanda/Momentum,2026-09-11
yassineAbou/Clock,github:stars:30..100,40,APACHE-2.0,master,2025-08-19T10:55:48Z,387,15,https://github.com/yassineAbou/Clock,2026-09-11
nikbulavin/flick,github:stars:30..100,71,APACHE-2.0,main,2025-08-16T12:36:24Z,390,19,https://github.com/nikbulavin/flick,2026-09-11
raheemadamboev/todo-app,github:stars:30..100,32,APACHE-2.0,master,2025-08-05T18:36:03Z,401,23,https://github.com/raheemadamboev/todo-app,2026-09-11
aungyelin/movie-db-android,github:stars:30..100,38,MIT,main,2025-06-09T14:17:03Z,458,8,https://github.com/aungyelin/movie-db-android,2026-09-11
ArtemZarubin/PixelArtWeatherML,github:stars:30..100,46,MIT,master,2025-05-27T19:42:35Z,471,8,https://github.com/ArtemZarubin/PixelArtWeatherML,2026-09-11
alexandr7035/Banking-App-Mock-Compose,github:stars:30..100,35,MIT,master,2025-05-23T12:09:56Z,475,25,https://github.com/alexandr7035/Banking-App-Mock-Compose,2026-09-11
SachinRupani/LoginWithJetpackCompose,github:stars:30..100,56,APACHE-2.0,main,2024-12-31T08:20:00Z,618,10,https://github.com/SachinRupani/LoginWithJetpackCompose,2026-09-11
kotlang-dev/StudySmart,github:stars:30..100,35,MIT,master,2024-12-13T13:13:53Z,636,14,https://github.com/kotlang-dev/StudySmart,2026-09-11
pushpalroy/jetTaskBoard,github:stars:30..100,76,MIT,master,2024-09-01T18:30:50Z,739,25,https://github.com/pushpalroy/jetTaskBoard,2026-09-11
Abhay-cloud/Fixed-Deposit-Tracker,github:stars:30..100,50,MIT,master,2024-08-06T12:57:11Z,765,15,https://github.com/Abhay-cloud/Fixed-Deposit-Tracker,2026-09-11
MambaWoW/FlickFusion,github:stars:30..100,35,MIT,master,2024-07-25T20:22:29Z,777,25,https://github.com/MambaWoW/FlickFusion,2026-09-11
joelkanyi/NewsApp,github:stars:30..100,83,APACHE-2.0,main,2024-07-21T15:33:59Z,781,16,https://github.com/joelkanyi/NewsApp,2026-09-11
kursatkumsuz/movie,github:stars:30..100,99,APACHE-2.0,master,2024-06-21T19:04:24Z,811,25,https://github.com/kursatkumsuz/movie,2026-09-11
MoatazBadawy/Mawaqeet-Todo_and_Habits,github:stars:30..100,34,APACHE-2.0,master,2024-05-30T16:17:44Z,833,21,https://github.com/MoatazBadawy/Mawaqeet-Todo_and_Habits,2026-09-11
kursatkumsuz/crypto-portfolio-jetpack-compose,github:stars:30..100,50,APACHE-2.0,master,2024-04-29T08:59:36Z,864,25,https://github.com/kursatkumsuz/crypto-portfolio-jetpack-compose,2026-09-11
teogor/ceres,github:stars:30..100,70,APACHE-2.0,main,2024-04-15T22:04:35Z,878,25,https://github.com/teogor/ceres,2026-09-11
KaushalVasava/XPhotogram,github:stars:30..100,90,MIT,master,2024-04-07T12:06:08Z,886,25,https://github.com/KaushalVasava/XPhotogram,2026-09-11
