full_name,source,stars,license_hint,pushed_at,archived,fdroid_pkg
InfinityLoop1308/PipePipe,fdroid,,GPL-3.0-or-later,,,InfinityLoop1309.NewPipeEnhanced
Eve-146T/WORM,fdroid,,GPL-2.0-only,,,S.N.A.K.E
shardulvs/pdfinspector-android,fdroid,,MIT,,,SVS.pdfinspector
jroal/a2dpvolume,fdroid,,GPL-3.0-only,,,a2dp.Vol
XilinJia/Podcini.A,fdroid,,GPL-3.0-only,,,ac.mdiq.Podcini.A
XilinJia/Podcini.X,fdroid,,GPL-3.0-only,,,ac.mdiq.podcini.X
communitymedia/mediaphone,fdroid,,LGPL-3.0-only,,,ac.robinson.mediaphone
XilinJia/UT.urn,fdroid,,GPL-3.0-only,,,ac.stresa.uturn
acidburnmonkey/stims,fdroid,,GPL-3.0-only,,,acidburn.stims
anthonycr/Lightning-Browser,fdroid,,MPL-2.0,,,acr.browser.lightning
agersant/polaris-android,fdroid,,MIT,,,agersant.polaris
Decentricity/hitomi-android,fdroid,,AGPL-3.0-or-later,,,ai.agent1c.hitomi.open
allentown521/FocusMastodon,fdroid,,GPL-3.0-only,,,allen.town.focus.mastodon
allentown521/FocusPodcast,fdroid,,GPL-3.0-only,,,allen.town.focus.podcast
nain-F49FF806/anemo-aer,fdroid,,GPL-3.0-only,,,alt.nainapps.aer
nain-F49FF806/sharepaste.oo,fdroid,,AGPL-3.0-only,,,alt.nainapps.sharepaste.fdroid
amirzaidi/DNGProcessor,fdroid,,LGPL-3.0-only,,,amirz.dngprocessor
amirzaidi/Launcher3,fdroid,,Apache-2.0,,,amirz.rootless.nexuslauncher
gryphius/androdns,fdroid,,Apache-2.0,,,androdns.android.leetdreams.ch.androdns
JonasBernard/FakeStandby,fdroid,,GPL-3.0-or-later,,,android.jonas.fakestandby
agnelfranciso/Kochi-Transit-Go,fdroid,,MIT,,,app.agneldev.kochitransitgo
immich-app/immich,fdroid,,AGPL-3.0-only,,,app.alextran.immich
iTsMe-Zen/Areada,fdroid,,Apache-2.0,,,app.areada
retransmit/Atrium,fdroid,,GPL-3.0-or-later,,,app.atrium
UXAVIA/bag,fdroid,,GPL-3.0-only,,,app.bitbag
mlm-games/cclauncher,fdroid,,GPL-3.0-only,,,app.cclauncher
mlm-games/CLauncher,fdroid,,GPL-3.0-only,,,app.clauncher
itsluminous/ClearSMS,fdroid,,Apache-2.0,,,app.clearsms
roman10/trayzero,fdroid,,GPL-3.0-only,,,app.cleartray
Project-Mandarin/DumDum,fdroid,,GPL-3.0-only,,,app.dumdum
DroidWorksStudio/EasyLauncher,fdroid,,GPL-3.0-only,,,app.easy.launcher
geteduroam/android-app,fdroid,,BSD-3-Clause,,,app.eduroam.geteduroam
moylali/OTGMaster,fdroid,,GPL-2.0-or-later,,,app.fayaz.otgmaster
mlm-games/flicky,fdroid,,GPL-3.0-or-later,,,app.flicky
kxxoling/FloatDeck,fdroid,,MIT,,,app.floatdeck
mlm-games/fluffy,fdroid,,GPL-3.0-or-later,,,app.fluffy
getknit/knit,fdroid,,GPL-3.0-or-later,,,app.getknit.knit
Crazy-Marvin/Halma,fdroid,,Apache-2.0,,,app.halma
angus6b23/hk-transport,fdroid,,GPL-3.0-or-later,,,app.hkTransport
psfinaki/HypoStats,fdroid,,MIT,,,app.hypostats
Jigsaw-Code/Intra,fdroid,,Apache-2.0,,,app.intra
kisst/link-clear,fdroid,,GPL-3.0-only,,,app.linkclear
maxwhipw/marmalade-tts-android,fdroid,,GPL-3.0-or-later,,,app.marmalade.tts
humammalhas/maskan,fdroid,,GPL-3.0-only,,,app.maskan.chat
PadraicMCE/SyncRecord_fdroid,fdroid,,MIT,,,app.mcevoy.syncrecordapp
michaelWuensch/BitBanana,fdroid,,MIT,,,app.michaelwuensch.bitbanana
DroidWorksStudio/mLauncher,fdroid,,GPL-3.0-only,,,app.mlauncher
lbr38/motion-UI,fdroid,,GPL-3.0-only,,,app.motionui.android
alesimula/Murine-launcher,fdroid,,Apache-2.0,,,app.murinelauncher
Myzel394/Alibi,fdroid,,GPL-3.0-only,,,app.myzel394.alibi
nightdropapp/nightdrop,fdroid,,AGPL-3.0-or-later,,,app.nightdrop
zHd4/NoteSR,fdroid,,MIT,,,app.notesr
tanujnotes/Olauncher,fdroid,,GPL-3.0-only,,,app.olauncher
onloc-app/onloc-android,fdroid,,GPL-3.0-or-later,,,app.onloc.android
organicmaps/organicmaps,fdroid,,Apache-2.0,,,app.organicmaps
pachli/pachli-android,fdroid,,GPL-3.0-or-later,,,app.pachli
agrahn/Android-Password-Store,fdroid,,GPL-3.0-only,,,app.passwordstore.agrahn
pando85/Android-Password-Store,fdroid,,GPL-3.0-only,,,app.passwordstore.pando85
msbelaid/PlugBrain,fdroid,,GPL-3.0-only,,,app.plugbrain.android
aimok04/podium,fdroid,,GPL-3.0-or-later,,,app.podiumpodcasts.podium
mlm-games/pomodorot,fdroid,,GPL-3.0-or-later,,,app.pomodorot
pass-with-high-score/blockads-android,fdroid,,GPL-3.0-only,,,app.pwhs.blockads
pass-with-high-score/universal-installer,fdroid,,GPL-3.0-only,,,app.pwhs.universalinstaller
hantig-code/RapidSplit,fdroid,,GPL-3.0-only,,,app.rapidsplit
zikalify/StoicReading,fdroid,,GPL-3.0-or-later,,,app.reading.stoic.stoicreading2
Seeneva/seeneva-reader-android,fdroid,,GPL-3.0-or-later,,,app.seeneva.reader
matscornegoor/sift-recipe-keeper,fdroid,,MIT,,,app.siftrecipes
Hamza417/Felicity,fdroid,,AGPL-3.0-only,,,app.simple.felicity
Hamza417/Inure,fdroid,,GPL-3.0-only,,,app.simple.inure
Hamza417/Peristyle,fdroid,,Apache-2.0,,,app.simple.peri
s4nj1th/Slauncher,fdroid,,GPL-3.0-only,,,app.slauncher
SmallThingz/reverb,fdroid,,GPL-3.0-only,,,app.smallthingz.reverb
yuliskov/SmartTube,fdroid,,MIT,,,app.smarttube.fdroid
Smarzaro/Foss4g2024Schedule,fdroid,,Apache-2.0,,,app.smarzaro.foss4g2024.schedule
Azare77/sound_center,fdroid,,GPL-3.0-or-later,,,app.soundcenter.player
CodeMarbles/SoundTree,fdroid,,GPL-3.0-only,,,app.soundtree
status-im/status-app,fdroid,,MPL-2.0,,,app.status.mobile
pLum0/subster,fdroid,,MIT,,,app.subster
TICESoftware/tice-android,fdroid,,GPL-3.0-only,,,app.tice.TICE.production
traced-it/traced-it-android,fdroid,,GPL-3.0-or-later,,,app.traced_it
herbiewalker/tryst,fdroid,,GPL-3.0-only,,,app.tryst
divestedcg/udderance-android-wrapper,fdroid,,AGPL-3.0-or-later,,,app.udderance
UmerCodez/LittleRelay,fdroid,,GPL-3.0-only,,,app.umerfarooq.littlerelay
UmerCodez/WebsocketCAM,fdroid,,GPL-3.0-only,,,app.umerfarooq.websocketcam
aeharding/voyager,fdroid,,AGPL-3.0-only,,,app.vger.voyager
HenriDellal/weather-overview,fdroid,,GPL-3.0-or-later,,,app.weatheroverview
Scriptbash/Wispar,fdroid,,GPL-3.0-or-later,,,app.wispar.wispar
xcy7e/Contextium,fdroid,,GPL-3.0-or-later,,,app.xcy7e.contextium
zimly/zimly-backup,fdroid,,GPL-3.0-only,,,app.zimly.backup
ZornsLemma/my-price-log,fdroid,,MIT,,,app.zornslemma.mypricelog
TheMetallists/LoudBang,fdroid,,GPL-3.0-only,,,aq.metallists.loudbang
hashemi-hossein/memory-guardian,fdroid,,GPL-3.0-only,,,ara.memoryguardian
bitrate16/Yeeemp,fdroid,,AGPL-3.0-or-later,,,art.pegasko.yeeemp
tessell-art/editor,fdroid,,Apache-2.0,,,art.tessell.editor
bitfireAT/davx5-ose,fdroid,,GPL-3.0-only,,,at.bitfire.davdroid
bitfireAT/icsx5,fdroid,,GPL-3.0-only,,,at.bitfire.icsdroid
maximilian-schwaerzler/Do-It,fdroid,,Apache-2.0,,,at.co.schwaerzler.maximilian.doit
finderlein/noefinderlein_flutter,fdroid,,GPL-3.0-or-later,,,at.finderlein.noe
EventFahrplan/EventFahrplan,fdroid,,Apache-2.0,,,at.hackmas.android.schedule
J0s3f/Fechtkarte,fdroid,,Apache-2.0,,,at.j0s.meyercard.app
jclehner/rxdroid,fdroid,,GPL-3.0-or-later,,,at.jclehner.rxdroid
linuxtage/EventFahrplan,fdroid,,Apache-2.0,,,at.linuxtage.Eventfahrplan
votacom/octalsuntime,fdroid,,GPL-3.0-only,,,at.manuelbichler.octalsuntime
georgernstgraf/zazentimer,fdroid,,MIT,,,at.priv.graf.zazentimer
TechbeeAT/jtxBoard,fdroid,,GPL-3.0-only,,,at.techbee.jtx
opendocument-app/OpenDocument.droid,fdroid,,GPL-3.0-or-later,,,at.tomtasche.reader
micwallace/reddinator,fdroid,,GPL-3.0-or-later,,,au.com.wallaceit.reddinator
pcolby/nfc-quick-settings,fdroid,,GPL-3.0-or-later,,,au.id.colby.nfcquicksettings
metrodroid/metrodroid,fdroid,,GPL-3.0-or-later,,,au.id.micolous.farebot
OMGSoundboard/android-app,fdroid,,Apache-2.0,,,audio.omgsoundboard
alt236/USB-Device-Info---Android,fdroid,,Apache-2.0,,,aws.apps.usbDeviceEnumerator
axxapy/apkExtractor,fdroid,,MIT,,,axp.tool.apkextractor
confidenseuide/BackgroundWorkAround,fdroid,,Unlicense,,,background.work.around
Eb43/batterytemperature,fdroid,,GPL-3.0-only,,,barilyuk.batterytemperature
Eb43/phonesignalstrength,fdroid,,GPL-3.0-only,,,barilyuk.mobilosignal
Eb43/txtnotes,fdroid,,GPL-3.0-only,,,barilyuk.texetescribe
BhasherBEL/MobileInpact,fdroid,,MIT,,,be.bhasher.mobileinpact
CasperVerswijvelt/Better-Internet-Tiles,fdroid,,GPL-3.0-only,,,be.casperverswijvelt.unifiedinternetqs
chvp/NanoLedger,fdroid,,MIT,,,be.chvp.nanoledger
cbeyls/fosdem-companion-android,fdroid,,Apache-2.0,,,be.digitalia.fosdem
freaktechnik/Webthingify,fdroid,,MIT,,,be.humanoids.webthingify
Px3XjG6P/NetflixtoIMDb,fdroid,,GPL-3.0-only,,,be.knars.netflixtoimdb
dmoraine/yapl,fdroid,,GPL-3.0-only,,,be.moraine.yapl
ppareit/swiftp,fdroid,,GPL-3.0-only,,,be.ppareit.swiftp_free
ZeusWPI/hydra-android,fdroid,,MIT,,,be.ugent.zeus.hydra.open
bilalsul/rzr,fdroid,,GPL-3.0-only,,,bilalsul.rzr
j-jorge/bim,fdroid,,AGPL-3.0-only,,,bim.app
vbresan/HealthyBatteryCharging,fdroid,,MIT,,,biz.binarysolutions.healthybatterycharging
vbresan/MindfulnessMeditation,fdroid,,MIT,,,biz.binarysolutions.mindfulnessmeditation
vbresan/MindfulAttentionAwarenessScale,fdroid,,MIT,,,biz.binarysolutions.mindfulscale
vbresan/PerceivedStressScale,fdroid,,MIT,,,biz.binarysolutions.stress
vbresan/VAT_Calculator,fdroid,,MIT,,,biz.binarysolutions.vatcalculator
vbresan/WeatherForecastUSA,fdroid,,MIT,,,biz.binarysolutions.weatherusa
aghontpi/ad-silence,fdroid,,GPL-3.0-only,,,bluepie.ad_silence
LeoColman/Petals,fdroid,,AGPL-3.0-or-later,,,br.com.colman.petals
hugomg/DailyPill,fdroid,,GPL-3.0-or-later,,,br.com.gualandi.dailypill
walterfr/jotdown-android,fdroid,,GPL-3.0-or-later,,,br.com.jotdown
weslley75/AudioOutputSwitcher,fdroid,,MIT,,,br.com.wasystems.audiooutputswitcher
abrensch/brouter,fdroid,,MIT,,,btools.routingapp
AliceCA/Overchan-Android,fdroid,,GPL-3.0-only,,,bus.chio.wishmaster
yauhen-l/gardine,fdroid,,GPL-3.0-only,,,by.yauhenl.gardine
djandries/portknocker-android,fdroid,,MIT,,,ca.andries.portknocker
pR0Ps/LocationShare,fdroid,,GPL-3.0-only,,,ca.cmetcalfe.locationshare
ClassicDIY/ClassicMonitor,fdroid,,Apache-2.0,,,ca.farrelltonsolar.classic
0xbad1d3a5/Kaku,fdroid,,BSD-3-Clause,,,ca.fuwafuwa.kaku
hamaluik/timecop,fdroid,,Apache-2.0,,,ca.hamaluik.timecop
ilianoKokoro/umihi-music,fdroid,,GPL-3.0-only,,,ca.ilianokokoro.umihi.music
ramzan/delist,fdroid,,GPL-3.0-or-later,,,ca.ramzan.delist
ramzan/virtuosity,fdroid,,GPL-3.0-or-later,,,ca.ramzan.virtuosity
caarmen/FRCAndroidWidget,fdroid,,GPL-3.0-only,,,ca.rmen.android.frenchcalendar
caarmen/poet-assistant,fdroid,,GPL-3.0-only,,,ca.rmen.android.poetassistant
caarmen/scrumchatter,fdroid,,GPL-3.0-only,,,ca.rmen.android.scrumchatter
caarmen/nounours-android,fdroid,,GPL-3.0-only,,,ca.rmen.nounours
snoe/deedum,fdroid,,GPL-3.0-only,,,ca.snoe.deedum
toadlyBroodle/MinimaList,fdroid,,MIT,,,ca.toadlybroodle.minimalist
timtoo/randomlydie,fdroid,,GPL-3.0-or-later,,,ca.vaults.randomlydie
digiexchris/RoadTripRadar,fdroid,,MIT,,,ca.voiditswarranty.roadtripradar
tyrannotorus/cpp-infra-arcana-android,fdroid,,AGPL-3.0-or-later,,,camp.werewolf.infraarcana
piratecash/pcash-wallet,fdroid,,MIT,,,cash.p.terminal
mvmike/min-cal-widget,fdroid,,BSD-3-Clause,,,cat.mvmike.minimalcalendarwidget
aeri/Atalaya,fdroid,,GPL-3.0-only,,,cat.naval.atalaya
aeri/Florae,fdroid,,GPL-3.0-only,,,cat.naval.florae
NyaaPantsu/NyaaPantsu-android-app,fdroid,,MIT,,,cat.pantsu.nyaapantsu
calliope-edu/Calliope-Android-App,fdroid,,MIT,,,cc.calliope.mini
ichenhe/QQ-Notify-Evolution,fdroid,,AGPL-3.0-only,,,cc.chenhe.qqnotifyevo
CoolMicApp/CoolMicApp-Android,fdroid,,GPL-3.0-only,,,cc.echonet.coolmicapp
goll72/caff,fdroid,,BSD-2-Clause,,,cc.goll.caff
KafuuNeko/BiliDownload,fdroid,,GPL-3.0-only,,,cc.kafuu.bilidownload
chaldea-center/chaldea,fdroid,,AGPL-3.0-only,,,cc.narumi.chaldea.fdroid
Lastorder-DC/moshidon,fdroid,,GPL-3.0-only,,,cc.occm.app
tcoppex/stochastic-reminder,fdroid,,GPL-3.0-only,,,cc.polysfaer.stochapop
Nyabsi/VRCAA,fdroid,,Apache-2.0,,,cc.sovellus.vrcaa
zoop-dev/pulse,fdroid,,AGPL-3.0-only,,,cc.zachy.pulse
FreezeYou/FreezeYou,fdroid,,Apache-2.0,,,cf.playhi.freezeyou
abertschi/ad-free,fdroid,,Apache-2.0,,,ch.abertschi.adfree
abertschi/water-me,fdroid,,GPL-3.0-only,,,ch.abertschi.waterme.water_me
bailuk/AAT,fdroid,,GPL-3.0-or-later,,,ch.bailu.aat
michael-betz/OpenVine,fdroid,,MIT,,,ch.betzengineering.openvine
vanilla-music/vanilla,fdroid,,GPL-3.0-only,,,ch.blinkenlights.android.vanilla
vanilla-music/vanilla-headphone-detector,fdroid,,GPL-3.0-or-later,,,ch.blinkenlights.android.vanillaplug
bubendorf/LocusAddonGsakDatabase,fdroid,,WTFPL,,,ch.bubendorf.locusaddon.gsakdatabase
DigitaleGesellschaft/EventFahrplan,fdroid,,Apache-2.0,,,ch.digitale_gesellschaft.winterkongress.schedule
fflopsi/mensa-zh,fdroid,,MIT,,,ch.famoser.mensa
hgdev-ch/toposuite-android,fdroid,,GPL-2.0-only,,,ch.hgdev.toposuite
pascalfree/calendar-color,fdroid,,MIT,,,ch.ihdg.calendarcolor
joshuabeny1999/BibleVerseApp,fdroid,,GPL-3.0-only,,,ch.joshuah.bibleverseapp
mjaun/android-anuto,fdroid,,GPL-2.0-only,,,ch.logixisland.anuto
pec0ra/suspension_setup,fdroid,,GPL-3.0-only,,,ch.pec0ra.suspension_setup
ProtonVPN/android-app,fdroid,,GPL-3.0-only,,,ch.protonvpn.android
Waboodoo/HTTP-Shortcuts,fdroid,,MIT,,,ch.rmy.android.http_shortcuts
Waboodoo/Status-Bar-Tachometer,fdroid,,MIT,,,ch.rmy.android.statusbar_tacho
onitake/kanjirecog,fdroid,,GPL-3.0-only,,,ch.seto.kanjirecog
simonste/jasstafel,fdroid,,GPL-3.0-only,,,ch.simonste.jasstafel
SwissBitcoinPay/app,fdroid,,MIT,,,ch.swissbitcoinpay.checkout
threema-ch/threema-android,fdroid,,AGPL-3.0-only,,,ch.threema.app.libre
Tiim/Android-Markdown-Widget,fdroid,,GPL-3.0-only,,,ch.tiim.markdown_widget
ulysg/k19-player,fdroid,,GPL-3.0-only,,,ch.ulys.k19player
ArcaneChat/android,fdroid,,GPL-3.0-only,,,chat.delta.lite
krille-chan/fluffychat,fdroid,,AGPL-3.0-only,,,chat.fluffy.fluffychat
SchildiChat/schildichat-android-next,fdroid,,AGPL-3.0-only,,,chat.schildi.android
simplex-chat/simplex-chat,fdroid,,AGPL-3.0-or-later,,,chat.simplex.app
cromaguy/Rhythm,fdroid,,GPL-3.0-only,,,chromahub.rhythm.app
mcastillof/FakeTraveler,fdroid,,GPL-3.0-or-later,,,cl.coders.faketraveler
mhuberch/clavirom,fdroid,,GPL-3.0-only,,,clavirom.keyboard
Hypfer/valetudo-companion,fdroid,,Apache-2.0,,,cloud.valetudo.companion
10miaomiao/bili-down-out,fdroid,,GPL-3.0-only,,,cn.a10miaomiao.bilidown
lz233/Tarnhelm,fdroid,,GPL-3.0-only,,,cn.ac.lz233.tarnhelm
RainbowC0/TermuC,fdroid,,GPL-3.0-or-later,,,cn.rbc.termuc
Super12138/VerveDo,fdroid,,GPL-3.0-only,,,cn.super12138.todo
BURG3R5/Alarmetrics,fdroid,,GPL-3.0-only,,,co.adityarajput.alarmetrics
BURG3R5/FileFlow,fdroid,,GPL-3.0-only,,,co.adityarajput.fileflow
BURG3R5/NotiFilter,fdroid,,GPL-3.0-only,,,co.adityarajput.notifilter
bubelov/news,fdroid,,GPL-3.0-only,,,co.appreactor.news
headersalreadysent/tinycodecatcher,fdroid,,GPL-3.0-or-later,,,co.ec.cnsyn.codecatcher
zodl-inc/zodl-android,fdroid,,MIT,,,co.electriccoin.zcash.foss
HackMyChurch/aelf-dailyreadings,fdroid,,MIT,,,co.epitre.aelf_lectures
garmax1/material-flashlight,fdroid,,Apache-2.0,,,co.garmax.materialflashlight
tim-smart/vouchervault,fdroid,,GPL-3.0-or-later,,,co.timsmart.vouchervault
RetroMusicPlayer/RetroMusicPlayer,fdroid,,GPL-3.0-only,,,code.name.monkey.retromusic
tswistak/Battery-Monitor,fdroid,,GPL-3.0-or-later,,,codes.swistak.batterymonitor
Gauravkr7488/Tidy,fdroid,,GPL-3.0-only,,,com.Ace777.tidy
Arturo254/OpenTune,fdroid,,GPL-3.0-or-later,,,com.Arturo254.opentune
dietrichmax/colota,fdroid,,AGPL-3.0-only,,,com.Colota
aeri/Nihonoari-App,fdroid,,GPL-3.0-only,,,com.LAPARCELA.nihonoari
PaskoZhelev/holidayz-app,fdroid,,GPL-3.0-only,,,com.MNPDigital.holidayz
marcosdiez/shareviahttp,fdroid,,BSD-3-Clause,,,com.MarcosDiez.shareviahttp
NightDreamGames/Graded,fdroid,,GPL-3.0-only,,,com.NightDreamGames.Grade.ly
koyuspace/android-native,fdroid,,GPL-3.0-only,,,com.Sommerlichter.social
Limekana/StudyDesk,fdroid,,MIT,,,com.StudyDesk.app
10miaomiao/bilimiao2,fdroid,,GPL-3.0-only,,,com.a10miaomiao.bilimiao
gatesuperapp/g8-invoicing,fdroid,,GPL-3.0-only,,,com.a4a.g8invoicing
Abdallah-Abdelazim/mynotes,fdroid,,GPL-3.0-only,,,com.aa.mynotes
aaronjwood/PortAuthority,fdroid,,GPL-3.0-only,,,com.aaronjwood.portauthority
s6joui/homebot,fdroid,,MIT,,,com.abast.homebot
Abez-B/thirukkural-daily-widget-,fdroid,,MIT,,,com.abezb.thirukuraldaily
abhijitvalluri/fitnotifications,fdroid,,Apache-2.0,,,com.abhijitvalluri.android.fitnotifications
LibChecker/LibChecker,fdroid,,Apache-2.0,,,com.absinthe.libchecker
jorgecobos14/I_need_to_stop_programming_pls,fdroid,,MIT,,,com.acho.chat.app
Acktarius/Conceal-2fa-app,fdroid,,BSD-3-Clause,,,com.acktarius.concealauthenticator
acszo/Redomi,fdroid,,GPL-3.0-only,,,com.acszo.redomi.repo
sdex/ActivityManager,fdroid,,Apache-2.0,,,com.activitymanager
DavidNeurieder/ActivityTrace,fdroid,,GPL-3.0-only,,,com.activitytrace
phasnox/acutis_firewall_android,fdroid,,MIT,,,com.acutis.firewall
addismap/addismaptransit,fdroid,,MIT,,,com.addismaptransit.app
adeeteya/Classipod,fdroid,,BSD-4-Clause,,,com.adeeteya.classipod
adeeteya/DigitalCalculator,fdroid,,MIT,,,com.adeeteya.digital_calculator
adeeteya/FontGallery,fdroid,,MIT,,,com.adeeteya.font_gallery
adeeteya/FlutterMarkdownEditor,fdroid,,MIT,,,com.adeeteya.markdown_editor
adgad/kboard,fdroid,,GPL-3.0-only,,,com.adgad.kboard
AdguardTeam/ContentBlocker,fdroid,,GPL-3.0-or-later,,,com.adguard.android.contentblocker
adiamas/umpireassistant,fdroid,,Apache-2.0,,,com.adiamas.umpireassistant
adil192/no_more_background,fdroid,,GPL-3.0-only,,,com.adilhanney.no_more_background
adil192/ricochlime,fdroid,,AGPL-3.0-only,,,com.adilhanney.ricochlime
saber-notes/saber,fdroid,,GPL-3.0-only,,,com.adilhanney.saber
Dev-Aditya-More/PokeVerse,fdroid,,MIT,,,com.aditya1875.pokeverse
Kaned1as/Man-Man,fdroid,,GPL-3.0-only,,,com.adonai.manman
Aefyr/SAI,fdroid,,GPL-3.0-only,,,com.aefyr.sai.fdroid
R0b0To/VaultExplorer,fdroid,,GPL-3.0-or-later,,,com.aeidolon.vaultexplorer
aerotoad/Thud,fdroid,,AGPL-3.0-only,,,com.aerotoad.thud
deku-messaging/DekuSMS-Android,fdroid,,GPL-3.0-or-later,,,com.afkanerd.deku
afollestad/nock-nock,fdroid,,Apache-2.0,,,com.afollestad.nocknock
Messina-Agata/QuandoInTV,fdroid,,GPL-3.0-only,,,com.agatamessina.quandointv
Messina-Agata/WebInspector,fdroid,,GPL-3.0-only,,,com.agatamessina.webinspector
agateau/burgerparty,fdroid,,GPL-3.0-or-later,,,com.agateau.burgerparty
agateau/cat-avatar-generator-app,fdroid,,Apache-2.0,,,com.agateau.catgenerator
agateau/pixelwheels,fdroid,,GPL-3.0-or-later,,,com.agateau.tinywheels.android
norsehorse-dev/AgePonyAndroid,fdroid,,Apache-2.0,,,com.agepony.app
modelorona/TapLock,fdroid,,Apache-2.0,,,com.ah.taplock
ItsAhadun/maCat,fdroid,,GPL-3.0-only,,,com.ahad.macat
Webierta/ahorcandroid,fdroid,,GPL-3.0-only,,,com.ahorcado
aidin36/simpletextcrypt,fdroid,,GPL-3.0-or-later,,,com.aidinhut.simpletextcrypt
gininaba/AIPOSPasswordManager,fdroid,,Apache-2.0,,,com.aipos.aipospm
aisleron/aisleron,fdroid,,AGPL-3.0-or-later,,,com.aisleron
aistra0528/Hail,fdroid,,GPL-3.0-or-later,,,com.aistra.hail
elgrande73/FOSS-snore-detector-android-app,fdroid,,Apache-2.0,,,com.aistudio.snoredetector.afkwd
amr-jawwad/whatsapp_contact_adder,fdroid,,GPL-3.0-only,,,com.aj.wa.contact.adder
seeingred/aka-alarm,fdroid,,MIT,,,com.aka.alarm
akanshSirohi/ShareX,fdroid,,AGPL-3.0-only,,,com.akansh.fileserversuit
akaessens/NoFbEventScraper,fdroid,,GPL-3.0-only,,,com.akdev.nofbeventscraper
akexorcist/ruam-mij-android,fdroid,,Apache-2.0,,,com.akexorcist.ruammij
AKS-Labs/Tulsi,fdroid,,GPL-3.0-or-later,,,com.aks_labs.tulsi
vitaminncpp/TouchDroid,fdroid,,GPL-3.0-only,,,com.akshayaap.touchdroid
AKS-Labs/CircleToSearch,fdroid,,GPL-3.0-or-later,,,com.akslabs.circletosearch
AKS-Labs/CloudGallery,fdroid,,Apache-2.0,,,com.akslabs.cloudgallery
Akylas/OSS-Dict,fdroid,,GPL-3.0-only,,,com.akylas.aard2
farfromrefug/EnforceDoze,fdroid,,GPL-3.0-only,,,com.akylas.enforcedoze
polilluminato/wassword-flutter,fdroid,,MIT,,,com.albertobonacina.wassword
AlexKang/loopboard,fdroid,,Apache-2.0,,,com.alexkang.loopboard
Alovoa/alovoa-expo,fdroid,,MPL-2.0,,,com.alovoa.expo
alxgnon/PostWriter,fdroid,,Apache-2.0,,,com.alxgnon.postwriter
AmanoTeam/Goregram,fdroid,,GPL-2.0-or-later,,,com.amanoteam.flonne
AmanoTeam/Kahon,fdroid,,Apache-2.0,,,com.amanoteam.kahon
AmanoTeam/JustDeleteMe,fdroid,,LGPL-3.0-only,,,com.amanoteam.kurt
TeamAmaze/AmazeFileManager,fdroid,,GPL-3.0-or-later,,,com.amaze.filemanager
TeamAmaze/AmazeFileUtilities,fdroid,,GPL-3.0-or-later,,,com.amaze.fileutilities
Amirhossein77-98/taskmate,fdroid,,MIT,,,com.amirsteinbeck.taskmate
Ammar64/Sharing,fdroid,,AGPL-3.0-only,,,com.ammar.sharing
ammargitham/WallFlow,fdroid,,GPL-3.0-or-later,,,com.ammar.wallflow
amnesica/ClearClipboard,fdroid,,GPL-3.0-only,,,com.amnesica.clearclipboard
amnesica/KryptEY,fdroid,,GPL-3.0-only,,,com.amnesica.kryptey
AmrDeveloper/LinkHub,fdroid,,MIT,,,com.amrdeveloper.linkhub
amrdeveloper/Turtle,fdroid,,MIT,,,com.amrdeveloper.turtle
anantdark/FitBuddy,fdroid,,GPL-3.0-only,,,com.anant.fitbuddy
andreiapps/die_simulator,fdroid,,GPL-3.0-only,,,com.andreiapps.diesimu
senzhk/ADBKeyBoard,fdroid,,GPL-2.0-only,,,com.android.adbkeyboard
JackEblan/Geto,fdroid,,GPL-3.0-only,,,com.android.geto
barbeau/gpstest,fdroid,,Apache-2.0,,,com.android.gpstest.osmdroid
bpellin/keepassdroid,fdroid,,GPL-2.0-or-later,,,com.android.keepass
try2codesecure/ShellMS,fdroid,,GPL-3.0-or-later,,,com.android.shellms
google/talkback,fdroid,,Apache-2.0,,,com.android.talkback
Q7DF1/XrayFA,fdroid,,Apache-2.0,,,com.android.xrayfa
jmccoy600/androidCrypt,fdroid,,MIT,,,com.androidcrypt
spidgorny/workingtimealert,fdroid,,Unlicense,,,com.androidfromfrankfurt.workingtimealert
AirLyrics/AirLyrics,fdroid,,MIT,,,com.andsi.airlyrics
nilesr/United4,fdroid,,GPL-3.0-only,,,com.angryburg.uapp
kraigs-android/kraigsandroid,fdroid,,Apache-2.0,,,com.angrydoughnuts.android.alarmclock
an1ndra/Messages,fdroid,,GPL-3.0-only,,,com.anindra.messages
Marco-9456/AniSync,fdroid,,GPL-3.0-only,,,com.anisync.android
marmistrz/QDict,fdroid,,Apache-2.0,,,com.annie.dictionary.fork
david-cant-code/pebble-app-degoogled,fdroid,,GPL-3.0-only,,,com.anopticlabs.gravel
Anthonyy232/Paperize,fdroid,,GPL-3.0-only,,,com.anthonyla.paperize
RisorseArtificiali/anti-vocale,fdroid,,Apache-2.0,,,com.antivocale.app
Antoine-lab-pixel/BoxingClock,fdroid,,MIT,,,com.antoinelabpixel.boxingclock
yellowbluesky/PixivforMuzei3,fdroid,,GPL-3.0-only,,,com.antony.muzei.pixiv
Anxcye/anx-reader,fdroid,,MIT,,,com.anxcye.anx_reader
AnySoftKeyboard/janus,fdroid,,Apache-2.0,,,com.anysoftkeyboard.janus
AnySoftKeyboard/AnySoftKeyboard,fdroid,,Apache-2.0,,,com.anysoftkeyboard.languagepack.afrikaans_oss
anywherelan/awl,fdroid,,MPL-2.0,,,com.anywherelan.awl
apk-editor/APK-Explorer-Editor,fdroid,,GPL-3.0-or-later,,,com.apk.editor
madCode/dailylog,fdroid,,GPL-3.0-only,,,com.app.dailylog
mattgdot/Dockeep,fdroid,,GPL-3.0-only,,,com.app.dockeep
ya27hw/equran_app,fdroid,,MIT,,,com.app.equran
httpdispatch/MissedNotificationsReminder,fdroid,,Apache-2.0,,,com.app.missednotificationsreminder
dstark5/Openlib,fdroid,,GPL-3.0-only,,,com.app.openlib
appml/neutrinote,fdroid,,GPL-3.0-or-later,,,com.appmindlab.nano
adrcotfas/goodtime,fdroid,,GPL-3.0-only,,,com.apps.adrcotfas.goodtime
jeffisaak/diceware-pass-gen,fdroid,,GPL-3.0-only,,,com.aptasystems.dicewarepasswordgenerator
aradar46/Vibecheck-Private-Mood-Tracker,fdroid,,MIT,,,com.aradar.vibecheck
aragaer/jtt_android,fdroid,,MIT,,,com.aragaer.jtt
kamaravichow/safe-dot-android,fdroid,,GPL-3.0-or-later,,,com.aravi.dot
arduia/ProExpense,fdroid,,GPL-3.0-or-later,,,com.arduia.expense
armanmaurya/archiv,fdroid,,GPL-3.0-only,,,com.armanmaurya.archiv
armanmaurya/InternetRadio,fdroid,,GPL-3.0-only,,,com.armanmaurya.internetradio
AhmetCanArslan/ShizuWall,fdroid,,GPL-3.0-only,,,com.arslan.shizuwall
arslandaim-hub/OmegaPlayer,fdroid,,GPL-3.0-or-later,,,com.arslandaim.omegaplayer
arslandaim-hub/PlayTube,fdroid,,GPL-3.0-or-later,,,com.arslandaim.playtube
arsvechkarev/Vault,fdroid,,GPL-3.0-only,,,com.arsvechkarev.vault
fattdonki/Arcade,fdroid,,GPL-3.0-only,,,com.arthur.arcade
ArtifexSoftware/mupdf-android-viewer-mini,fdroid,,AGPL-3.0-or-later,,,com.artifex.mupdf.mini.app
ArtifexSoftware/mupdf-android-viewer,fdroid,,AGPL-3.0-or-later,,,com.artifex.mupdf.viewer.app
sandstranger/ArxLibertatis-android-port,fdroid,,GPL-3.0-only,,,com.arxlibertatis
Aryan-Raj3112/episteme,fdroid,,AGPL-3.0-only,,,com.aryan.reader.oss
AshkanRafiee/balance,fdroid,,GPL-3.0-only,,,com.ashkanrafiee.balance
AshkanRafiee/Libre-Contacts-Backup,fdroid,,GPL-3.0-only,,,com.ashkanrafiee.librecontactsbackup
sfortis/phylax,fdroid,,MIT,,,com.asksakis.freegate
PubDeer/astro-loop,fdroid,,GPL-3.0-only,,,com.astroloop.game
williehwc/wonderdroid-x,fdroid,,GPL-2.0-only,,,com.atelieryl.wonderdroid
lpar/RPN,fdroid,,GPL-3.0-or-later,,,com.ath0.rpn
HassanHeydariNasab/atop-react-native,fdroid,,GPL-3.0-or-later,,,com.atop
ATryder/HIIT,fdroid,,0BSD,,,com.atr.hiit
AP-Atul/music_player_lite,fdroid,,Unlicense,,,com.atul.musicplayer
Gh05t-1337/Fall,fdroid,,GPL-3.0-or-later,,,com.autismprime.fall
Gh05t-1337/krassesSpiel,fdroid,,AFL-1.1,,,com.autismprime.krassesSpiel
cryptrr/AutoPie,fdroid,,Apache-2.0,,,com.autopi
MarquisLP/World-Scribe,fdroid,,MIT,,,com.averi.worldscribe
avizitRX/sunrise_signal,fdroid,,GPL-2.0-only,,,com.avizitrx.sunrise.signal
abdulwahed-s/huda,fdroid,,MIT,,,com.aw.huda
nellogan/AwakeOnLANMobile,fdroid,,GPL-3.0-or-later,,,com.awakeonlanmobile
axelblatt/MissionAndroid,fdroid,,Apache-2.0,,,com.axelblatt.mission
axiel7/AniHyou-android,fdroid,,GPL-3.0-only,,,com.axiel7.anihyou
deltachat/deltachat-android,fdroid,,GPL-3.0-or-later,,,com.b44t.messenger
MetatransApps/Android_APK_ChessEngineBagatur,fdroid,,GPL-2.0-only,,,com.bagaturchess
UriahShaulMandel/BaldPhone,fdroid,,Apache-2.0,,,com.bald.uriah.baldphone
rw-account/baly_groceries_tracker,fdroid,,MIT,,,com.baly_groceries_tracker.app
BARGHEST-ngo/MESH,fdroid,,AGPL-3.0-or-later,,,com.barghest.mesh
Bartixxx32/OpLaserTool,fdroid,,GPL-3.0-only,,,com.bartixxx.distancemeter
Bartixxx32/oparbcheckapp,fdroid,,GPL-3.0-only,,,com.bartixxx.oneplusarbchecker
Bartixxx32/Opflashcontrol-app,fdroid,,GPL-3.0-only,,,com.bartixxx.opflashcontrol
bearinmindcat/Equalizer314,fdroid,,GPL-3.0-only,,,com.bearinmind.equalizer314
bearinmindcat/Launcher314,fdroid,,GPL-3.0-only,,,com.bearinmind.launcher314
brandonp2412/BeatBridge,fdroid,,GPL-3.0-only,,,com.beatbridge
beemdevelopment/Aegis,fdroid,,GPL-3.0-only,,,com.beemdevelopment.aegis
benarmstead/OfflineCookBook,fdroid,,GPL-3.0-only,,,com.benarmstead.simplecooking
benjaminwan/ChineseTtsTflite,fdroid,,Apache-2.0,,,com.benjaminwan.chinesettstflite
BennyKok/PxerStudio,fdroid,,Apache-2.0,,,com.benny.pxerstudio
beradeep/aiyo,fdroid,,Apache-2.0,,,com.beradeep.aiyo
DavidBerdik/Let-Me-Downgrade,fdroid,,AGPL-3.0-only,,,com.berdik.letmedowngrade
bernaferrari/ChangeDetection,fdroid,,Apache-2.0,,,com.bernaferrari.changedetection
bernaferrari/SDKMonitor,fdroid,,Apache-2.0,,,com.bernaferrari.sdkmonitor
BlackyHawky/Clock,fdroid,,Apache-2.0,,,com.best.deskclock
yuriykulikov/AlarmClock,fdroid,,Apache-2.0,,,com.better.alarm
Correct-Syntax/bible_side,fdroid,,GPL-3.0-only,,,com.bibleside.bibleside
BigDadEnergy39/do-the-thing,fdroid,,GPL-3.0-or-later,,,com.bigdadenergy39.DoTheThing
BiglySoftware/BiglyBT-Android,fdroid,,GPL-2.0-or-later,,,com.biglybt.android.client
higorslva/biketrackd,fdroid,,MIT,,,com.biketrackd.app
cortezhanny124/shared_haven,fdroid,,GPL-3.0-or-later,,,com.bitcoin.sharedhaven.testnet
Bithack/principia,fdroid,,BSD-3-Clause,,,com.bithack.principia
BitMavrick/Lumolight,fdroid,,GPL-3.0-only,,,com.bitmavrick.lumolight
massivemadness/Squircle-CE,fdroid,,Apache-2.0,,,com.blacksquircle.ui
blankdotdev/sidestep,fdroid,,AGPL-3.0-only,,,com.blankdev.sidestep
BlazeCodeDev/TSViewer,fdroid,,MIT,,,com.blazecode.tsviewer
blockbasti/just_another_workout_timer,fdroid,,MIT,,,com.blockbasti.justanotherworkouttimer
brandonp2412/BlockDrop,fdroid,,MIT,,,com.blockdrop.game
developersu/ns-usbloader-mobile,fdroid,,GPL-3.0-or-later,,,com.blogspot.developersu.ns_usbloader
xorum-io/open_money_tracker,fdroid,,MIT,,,com.blogspot.e_kanivets.moneytracker
ThothDroid/Egyptian_Writer,fdroid,,GPL-3.0-only,,,com.blueapps.egyptianwriter
THEbluefirestudios/memeboard-fdroid,fdroid,,MIT,,,com.bluefirestudios.memeboard
rdOxalis/bluesoundplayer,fdroid,,MIT,,,com.bluesound.bluesoundplayer
TheUberCatman/crates-io-android,fdroid,,Apache-2.0,,,com.bmco.cratesiounofficial
you-apps/ClockYou,fdroid,,GPL-3.0-only,,,com.bnyro.clock
you-apps/ConnectYou,fdroid,,GPL-3.0-only,,,com.bnyro.contacts
you-apps/TranslateYou,fdroid,,GPL-3.0-only,,,com.bnyro.translate
you-apps/WallYou,fdroid,,GPL-3.0-only,,,com.bnyro.wallpaper
Kr0oked/Compass,fdroid,,GPL-3.0-only,,,com.bobek.compass
Kr0oked/Metronome,fdroid,,GPL-3.0-only,,,com.bobek.metronome
Kr0oked/Tuner,fdroid,,GPL-3.0-or-later,,,com.bobek.tuner
7FM/bodycheck,fdroid,,GPL-3.0-only,,,com.bodycheck
BoldBitcoinWallet/BoldWallet,fdroid,,Apache-2.0,,,com.boldwallet
eirthae/bookstash,fdroid,,GPL-3.0-only,,,com.bookstash.app
tizzenn/bote,fdroid,,GPL-3.0-only,,,com.bote.app
DevGitPit/supertonic-android,fdroid,,GPL-3.0-only,,,com.brahmadeo.supertonic.tts
braniik/slate,fdroid,,MIT,,,com.braniik.slate
hwki/SimpleBitcoinWidget,fdroid,,MIT,,,com.brentpanther.bitcoinwidget
webcooltz/soundbored,fdroid,,GPL-3.0-only,,,com.bri1.soundbored2
mofosyne/NFCMessageBoard,fdroid,,GPL-3.0-or-later,,,com.briankhuu.nfcmessageboard
urnetwork/android,fdroid,,MPL-2.0,,,com.bringyour.network
brokenpip3/fatto,fdroid,,GPL-3.0-only,,,com.brokenpip3.fatto
moneytoo/Player,fdroid,,Unlicense,,,com.brouken.player
bugsdev2/bookaccio,fdroid,,GPL-3.0-only,,,com.bugsdev2.bookaccio
V1n1v131r4/prepapp,fdroid,,MIT,,,com.bunqr.prepapp.fdroid
burhanrashid52/PhotoEditor,fdroid,,MIT,,,com.burhanrashid52.photoediting
norsehorse-dev/BurnPonyAndroid,fdroid,,Apache-2.0,,,com.burnpony.android
Nain57/Smart-AutoClicker,fdroid,,GPL-2.0-or-later,,,com.buzbuz.smartautoclicker
bwqr/mavinote,fdroid,,Apache-2.0,,,com.bwqr.mavinote
R00tedbrain/ThreadScoopOnionChatV2,fdroid,,GPL-3.0-only,,,com.bwt.threadscooponionchatcom
persian-calendar/persian-calendar,fdroid,,GPL-3.0-only,,,com.byagowi.persiancalendar
Flowit-Game/Flowit,fdroid,,GPL-3.0-only,,,com.bytehamster.flowitgame
byter11/rss-widget,fdroid,,Apache-2.0,,,com.byterdevs.rsswidget
alexcustos/linkasanote,fdroid,,GPL-3.0-or-later,,,com.bytesforge.linkasanote
cabbagelol/bfban-app-mobile,fdroid,,MIT,,,com.cabbagelol.bfban
calcitem/Sanmill,fdroid,,GPL-3.0-only,,,com.calcitem.sanmill
calmyjane/spacebeam,fdroid,,GPL-3.0-only,,,com.calmyjane.spacebeam
WebView-CG/CanIAndroidWebView,fdroid,,Apache-2.0,,,com.caniwebview.android
CappielloAntonio/tempo,fdroid,,GPL-3.0-only,,,com.cappielloantonio.notquitemy.tempo
jocmp/capyreader,fdroid,,GPL-3.0-only,,,com.capyreader.app
rustdesk/rustdesk,fdroid,,GPL-3.0-only,,,com.carriez.flutter_hbb
loooltooot/css-px-converter,fdroid,,MIT,,,com.catalin.css_px_converter
loooltooot/rivia,fdroid,,MIT,,,com.catalin.rivia
xvadim/pmk-android,fdroid,,GPL-3.0-only,,,com.cax.pmk.ext
caydey/ffshare,fdroid,,GPL-3.0-only,,,com.caydey.ffshare
celzero/rethink-app,fdroid,,Apache-2.0,,,com.celzero.bravedns
certified84/AudioNote,fdroid,,Apache-2.0,,,com.certified.audionote
Spikatrix/LRC-Editor,fdroid,,GPL-3.0-only,,,com.cg.lrceditor
CryZo/PaintballNotificator,fdroid,,GPL-3.0-only,,,com.chaser.paintballnotificator
44114/android-room,fdroid,,MIT,,,com.chatroom.app
fafarunner/fafarunner,fdroid,,MIT,,,com.chenyifaer.fafarunner
Chesire/Nekome,fdroid,,Apache-2.0,,,com.chesire.nekome
Chesire/Pushie,fdroid,,Apache-2.0,,,com.chesire.pushie
ChessCom/android-chessclock,fdroid,,MPL-2.0,,,com.chess.clock
simenheg/simple-chess-clock,fdroid,,GPL-3.0-only,,,com.chessclock.android
chenxiaolong/BasicSync,fdroid,,GPL-3.0-only,,,com.chiller3.basicsync
chenxiaolong/RSAF,fdroid,,GPL-3.0-only,,,com.chiller3.rsaf
chmouel/liseur,fdroid,,MIT,,,com.chmouel.liseur
chmouel/noise-timer,fdroid,,MIT,,,com.chmouel.noisetimer
Chooloo/koler,fdroid,,GPL-3.0-only,,,com.chooloo.www.koler
rapnuss/cipher-notes,fdroid,,AGPL-3.0-only,,,com.ciphernotes.twa
tomar-mohit/circadian-display,fdroid,,Apache-2.0,,,com.circadiandisplay.app
CityZenApp/AndroidApp,fdroid,,MPL-2.0,,,com.cityzen.cityzen
clavierhaus/gnubg-android,fdroid,,GPL-3.0-or-later,,,com.clavierhaus.gnubg
cliambrown/EasyNoise,fdroid,,GPL-3.0-or-later,,,com.cliambrown.easynoise
cliambrown/PillTime,fdroid,,GPL-3.0-or-later,,,com.cliambrown.pilltime
cuadratico/Click_Switch,fdroid,,MIT,,,com.clicc
CliffracerMerchant/SoundAura,fdroid,,Apache-2.0,,,com.cliffracertech.soundaura
clintmoyer/callscope,fdroid,,GPL-3.0-only,,,com.clintmoyer.callscope
CloudbasePredictor/CloudbasePredictor,fdroid,,GPL-3.0-or-later,,,com.cloudbasepredictor
tbvns/CO3,fdroid,,GPL-3.0-or-later,,,com.co3
bk138/multivnc,fdroid,,GPL-3.0-only,,,com.coboltforge.dontmind.multivnc
CodeDead/advanced-passgen-android,fdroid,,GPL-3.0-only,,,com.codedead.advancedpassgen
CodeDead/Advanced-PortChecker-android,fdroid,,GPL-3.0-only,,,com.codedead.advancedportchecker
CodeDead/DeadHash-android,fdroid,,GPL-3.0-only,,,com.codedead.deadhash
codelv/inventory,fdroid,,GPL-3.0-only,,,com.codelv.inventory
codelv/solar,fdroid,,GPL-3.0-only,,,com.codelv.solar
brandonp2412/MarketMonk,fdroid,,MIT,,,com.codesail.market_monk
peercoin/peercoin_flutter,fdroid,,AGPL-3.0-only,,,com.coinerella.peercoin
CoinTrend/CoinTrend,fdroid,,GPL-3.0-or-later,,,com.cointrend
CollotsSpot/Ensemble,fdroid,,MIT,,,com.collotsspot.ensemble
conanizer/pockettracker,fdroid,,GPL-3.0-or-later,,,com.conanizer.pockettracker
ConcealNetwork/conceal-wallet-cordova,fdroid,,BSD-3-Clause,,,com.concealnetwork.concealmobile
Flinou/Dico,fdroid,,GPL-3.0-only,,,com.confinement.diconfinement
conreo/couchy-launcher,fdroid,,GPL-3.0-only,,,com.conreo.couchytv
experiment322/controlloid-client,fdroid,,GPL-3.0-only,,,com.controlloid
CookieJarApps/SmartCookieWeb,fdroid,,MPL-2.0,,,com.cookiegames.smartcookie
corphish/NightLight,fdroid,,Apache-2.0,,,com.corphish.nightlight.generic
corphish/TextTools,fdroid,,Apache-2.0,,,com.corphish.quicktools
BibleNotify/BibleNotify,fdroid,,GPL-3.0-only,,,com.correctsyntax.biblenotify
CraftWorksMC/Chora,fdroid,,Apache-2.0,,,com.craftworks.music
craftxbox/yubiclip-xor,fdroid,,BSD-2-Clause,,,com.craftxbox.yubiclip.xor
CDrummond/lms-material-app,fdroid,,MIT,,,com.craigd.lmsmaterial.app
michaelbarlow7/dungeon-crawl-android,fdroid,,GPL-2.0-or-later,,,com.crawlmb
christianrowlands/android-network-survey,fdroid,,Apache-2.0,,,com.craxiom.networksurvey
Crequency/KitX-Mobile,fdroid,,AGPL-3.0-only,,,com.crequency.kitx.mobile
crome1394/point-forecast,fdroid,,MIT,,,com.crome.forecastpoint
nemoXdev/CryptoSafe,fdroid,,MIT,,,com.cryptosafe.app
CurryPlayer/quick-settings-sound-profile,fdroid,,GPL-3.0-only,,,com.curryplayer.quicksettingssoundprofile
cvc953/localplayer,fdroid,,MIT,,,com.cvc953.localplayer
cyb3rko/flashdim,fdroid,,Apache-2.0,,,com.cyb3rko.flashdim
czy0729/Bangumi,fdroid,,MIT,,,com.czy0729.bangumi
jazzm0/ssh-daemon,fdroid,,GPL-2.0-or-later,,,com.daemon.ssh
daih27/psychphinder,fdroid,,GPL-3.0-or-later,,,com.daih.psychphinder
DaKlok/BibleLockScreen,fdroid,,Apache-2.0,,,com.daklok.biblelockscreen
damiengo/WebsiteRSS,fdroid,,GPL-3.0-or-later,,,com.damiengo.websiterss
Danesprite/tts-util-app,fdroid,,Apache-2.0,,,com.danefinlay.ttsutil
Mobile-Artificial-Intelligence/maid,fdroid,,MIT,,,com.danemadsen.maid
dh4/WeatherRadar,fdroid,,GPL-3.0-or-later,,,com.danhasting.radar
ghostbyte-dev/pixelix,fdroid,,GPL-3.0-only,,,com.daniebeler.pfpixelix
danilkinkin/buckwheat,fdroid,,GPL-3.0-only,,,com.danilkinkin.buckwheat
clementwzk/OpenCalc,fdroid,,GPL-3.0-only,,,com.darkempire78.opencalculator
SecureCamera/SecureCameraAndroid,fdroid,,MIT,,,com.darkrockstudios.app.securecamera
Darkrock-Studios/FastTrack,fdroid,,MIT,,,com.darkrockstudios.apps.fasttrack
Darkrock-Studios/hammer-editor,fdroid,,MIT,,,com.darkrockstudios.apps.hammer.android
darshan-/Battery-Indicator-Free,fdroid,,GPL-3.0-only,,,com.darshancomputing.BatteryIndicator
darshan-/Battery-Indicator-Pro,fdroid,,GPL-3.0-only,,,com.darshancomputing.BatteryIndicatorPro
uta-dasp/FIFA-WorldCup-2026-Fixture-Widget,fdroid,,MIT,,,com.dasp.worldcup2026
balzack/databag,fdroid,,Apache-2.0,,,com.databag
linux-colonel/AdminControl,fdroid,,GPL-3.0-only,,,com.davidshewitt.admincontrol
davidtakac/bura,fdroid,,GPL-3.0-or-later,,,com.davidtakac.bura
OuterTune/OuterTune,fdroid,,GPL-3.0-or-later,,,com.dd3boh.outertune
debojitsantra/Wallapp-Android,fdroid,,GPL-3.0-or-later,,,com.debojit.wallapp
debojitsantra/BacklogTracker,fdroid,,Apache-2.0,,,com.debojitsantra.backlogtracker
decred/dcraddrscanner,fdroid,,ISC,,,com.decred.decredaddressscanner
hushenghao/AndroidEasterEggs,fdroid,,Apache-2.0,,,com.dede.android_eggs
deedeedev/YtReader,fdroid,,GPL-3.0-or-later,,,com.deedeedev.ytreader
Scandiking/Defang,fdroid,,GPL-3.0-only,,,com.defang.launcher
defname/LocalShare,fdroid,,GPL-3.0-or-later,,,com.defname.localshare
degD/yet_another_metronome,fdroid,,GPL-3.0-only,,,com.degeder.yam
Demizo/Daily_You,fdroid,,GPL-3.0-only,,,com.demizo.daily_you
MrDemonc/Lune,fdroid,,GPL-3.0-only,,,com.demonlab.lune
demosten-com/SrednaBG,fdroid,,MIT,,,com.demosten.srednabg
deniscerri/ytdlnis,fdroid,,GPL-3.0-only,,,com.deniscerri.ytdl
android/nowinandroid,github:stars:>2000,21792,Apache-2.0,2026-09-11T05:08:39Z,False,
bitwarden/android,github:stars:>2000,9346,GPL-3.0,2026-09-10T22:15:44Z,False,
IacobIonut01/ReFra,github:stars:>2000,2761,Apache-2.0,2026-09-07T20:24:31Z,False,
android/sunflower,github:stars:>2000,17763,Apache-2.0,2024-08-02T10:26:55Z,True,
dmzz-yyhyy/LightNovelReader,github:stars:>2000,2072,Apache-2.0,2026-09-08T14:16:54Z,False,
RevenueCat/purchases-android,github:stars:500..2000,559,MIT,2026-09-10T19:15:43Z,False,
GetStream/stream-chat-android,github:stars:500..2000,1662,NOASSERTION,2026-09-10T16:43:09Z,False,
vishal2376/snaptick,github:stars:500..2000,756,GPL-3.0,2026-09-11T00:53:23Z,False,
Taewan-P/gpt_mobile,github:stars:500..2000,1218,GPL-3.0,2026-09-10T15:50:51Z,False,
miaowmiaow/fragmject,github:stars:500..2000,1466,Apache-2.0,2026-09-07T05:11:29Z,False,
android/androidify,github:stars:500..2000,1976,Apache-2.0,2026-09-05T09:47:08Z,False,
phansier/Coffeegram,github:stars:500..2000,534,Apache-2.0,2026-09-03T13:42:45Z,False,
Pool-Of-Tears/Myne,github:stars:500..2000,1514,Apache-2.0,2026-08-23T14:17:04Z,False,
alashow/datmusic-android,github:stars:500..2000,737,,2026-08-23T06:34:10Z,False,
ldlywt/IdeaMemo,github:stars:500..2000,1155,GPL-3.0,2026-08-16T09:16:15Z,False,
GetStream/whatsApp-clone-compose,github:stars:500..2000,1379,Apache-2.0,2026-07-08T13:57:27Z,False,
CarGuo/GSYGithubAppKotlin,github:stars:500..2000,1591,Apache-2.0,2026-05-30T11:26:21Z,False,
lanlinju/Animius,github:stars:500..2000,1435,GPL-3.0,2026-05-29T15:07:29Z,False,
darryrzhong/Android-Compose-MVVM-App,github:stars:500..2000,1862,,2026-03-25T06:59:28Z,False,
kaajjo/LibreSudoku,github:stars:500..2000,725,GPL-3.0,2026-03-14T16:40:36Z,False,
Acclorite/book-story,github:stars:500..2000,1382,GPL-3.0,2026-02-20T16:00:38Z,False,
waseefakhtar/dose-android,github:stars:500..2000,633,MIT,2025-12-03T09:58:05Z,False,
iOrchid/android-jetpack-demo,github:stars:500..2000,711,Apache-2.0,2025-07-15T02:55:01Z,False,
canopas/compose-intro-showcase,github:stars:500..2000,617,NOASSERTION,2024-12-26T12:14:58Z,False,
androiddevnotes/awesome-jetpack-compose-android-apps,github:stars:500..2000,1522,,2024-07-25T13:30:32Z,False,
androiddevnotes/awesome-jetpack-compose-learning-resources,github:stars:500..2000,1519,,2024-06-13T19:18:33Z,False,
romainguy/sample-materials-shop,github:stars:500..2000,509,Apache-2.0,2024-06-13T15:39:24Z,False,
skydoves/DisneyCompose,github:stars:500..2000,975,Apache-2.0,2023-05-28T09:03:29Z,False,
MindorksOpenSource/Jetpack-Compose-Android-Examples,github:stars:500..2000,526,Apache-2.0,2023-05-08T20:59:04Z,False,
melbehiry/Delish,github:stars:500..2000,531,,2023-03-20T11:55:27Z,True,
enginebai/MovieHunt,github:stars:500..2000,764,MIT,2022-07-29T06:45:17Z,False,
vipulasri/JetInstagram,github:stars:500..2000,843,Apache-2.0,2022-07-09T18:24:00Z,False,
Spikeysanju/Einsen,github:stars:500..2000,921,Apache-2.0,2022-01-03T20:59:31Z,False,
skydoves/MovieCompose,github:stars:500..2000,526,Apache-2.0,2021-12-08T11:32:10Z,False,
ZalithLauncher/ZalithLauncher2,github:stars:500..2000,1814,GPL-3.0,2026-09-11T00:26:25Z,False,
kitshn-app/kitshn,github:stars:500..2000,729,GPL-3.0,2026-09-10T17:48:56Z,False,
jordond/MaterialKolor,github:stars:500..2000,936,MIT,2026-09-09T20:14:37Z,False,
imashnake0/Animite,github:stars:500..2000,512,Apache-2.0,2026-09-07T11:35:56Z,False,
ShiftHackZ/Stable-Diffusion-KMP,github:stars:500..2000,1261,AGPL-3.0,2026-09-10T11:05:37Z,False,
alorma/Compose-Settings,github:stars:500..2000,568,MIT,2026-09-02T09:58:00Z,False,
v1tzor/TimePlanner,github:stars:500..2000,689,Apache-2.0,2026-08-30T19:07:17Z,False,
ImaginativeShohag/Why-Not-Compose,github:stars:500..2000,732,Apache-2.0,2026-07-23T08:56:21Z,False,
aldefy/compose-skill,github:stars:500..2000,582,NOASSERTION,2026-07-23T05:37:50Z,False,
dead8309/Kizzy,github:stars:500..2000,1235,GPL-3.0,2026-05-30T02:09:11Z,False,
abdallahmehiz/mpvKt,github:stars:500..2000,1333,Apache-2.0,2026-02-14T07:26:20Z,True,
BobbyESP/Spowlo,github:stars:500..2000,1371,GPL-3.0,2025-03-16T22:51:24Z,True,
maxkeppeler/sheets-compose-dialogs,github:stars:500..2000,929,Apache-2.0,2024-10-09T14:38:05Z,False,
alexvanyo/composelife,github:stars:100..500,266,Apache-2.0,2026-09-11T03:24:39Z,False,
Dking08/croc-app,github:stars:100..500,105,MIT,2026-09-09T11:46:06Z,False,
Rve27/RvSystem-Monitor,github:stars:100..500,155,GPL-3.0,2026-09-08T17:15:22Z,False,
zhishengplus/ZhishengWeather,github:stars:100..500,155,MIT,2026-09-08T09:23:38Z,False,
yamin8000/freeDictionaryApp,github:stars:100..500,215,GPL-3.0,2026-09-10T10:04:49Z,False,
wisnukurniawan/Compose-ToDo,github:stars:100..500,449,Apache-2.0,2026-09-09T21:49:53Z,False,
mobiledevpro/closetalk.app,github:stars:100..500,342,Apache-2.0,2026-09-05T22:03:50Z,False,
googol-apps/Gallery,github:stars:100..500,132,Apache-2.0,2026-09-04T16:48:46Z,False,
Nevodev/Cresto,github:stars:100..500,307,Apache-2.0,2026-09-04T04:26:13Z,False,
lorenzovngl/FoodExpirationDates,github:stars:100..500,223,MIT,2026-09-10T11:22:35Z,False,
heddxh/NeoDB-You,github:stars:100..500,122,GPL-3.0,2026-08-30T15:37:59Z,False,
qeiq/Savr,github:stars:100..500,157,GPL-3.0,2026-08-27T12:39:00Z,False,
odaridavid/WeatherApp,github:stars:100..500,189,Apache-2.0,2026-09-10T12:36:41Z,False,
wisnukurniawan/Compose-Expense,github:stars:100..500,184,Apache-2.0,2026-09-09T17:42:09Z,False,
huyujie275-gif/BloodSugarApp,github:stars:100..500,112,,2026-07-16T14:09:39Z,False,
GetStream/stream-draw-android,github:stars:100..500,341,Apache-2.0,2026-07-14T10:32:55Z,False,
GetStream/meeting-room-compose,github:stars:100..500,152,Apache-2.0,2026-07-14T10:32:02Z,False,
alirezaeiii/TMDb-MotionLayout-Playground,github:stars:100..500,165,,2026-07-09T10:55:53Z,True,
moallemi/Film-Time,github:stars:100..500,123,MIT,2026-07-07T19:00:34Z,False,
piashcse/Hilt-MVVM-Compose-Movie,github:stars:100..500,353,,2026-07-05T03:12:30Z,False,
NyanTV/NyanTV,github:stars:100..500,108,AGPL-3.0,2026-06-28T01:41:38Z,False,
reactivedroid/TvFlix,github:stars:100..500,412,MIT,2026-06-19T18:28:21Z,False,
CarGuo/GSYGithubAppCompose,github:stars:100..500,126,Apache-2.0,2026-05-30T11:22:30Z,False,
AliAsadi/Android-Clean-Architecture,github:stars:100..500,452,Apache-2.0,2026-05-29T12:19:47Z,False,
UmairKhalid786/ComposeTv,github:stars:100..500,280,Apache-2.0,2026-04-06T21:06:34Z,False,
msusman1/Amadz,github:stars:100..500,104,Apache-2.0,2026-03-19T15:58:41Z,False,
ArcaDone/AwesomeUI,github:stars:100..500,237,Apache-2.0,2026-03-14T17:40:29Z,False,
SmartToolFactory/Compose-Drawing-App,github:stars:100..500,123,MIT,2026-02-10T17:21:55Z,False,
Evening-01/DailyLife,github:stars:100..500,127,NOASSERTION,2025-12-30T13:28:08Z,False,
rodrigmatrix/weather-you,github:stars:100..500,105,GPL-3.0,2025-11-08T20:32:02Z,False,
Ericgacoki/NeatFlix,github:stars:100..500,301,,2025-11-01T07:24:03Z,False,
T8RIN/CookHelper,github:stars:100..500,190,Apache-2.0,2025-10-22T07:38:34Z,False,
nsmirosh/Interactive-Android-Concepts,github:stars:100..500,146,,2025-09-11T09:08:42Z,False,
TheSomeshKumar/Flixplorer,github:stars:100..500,105,MIT,2025-08-17T12:48:46Z,False,
RajashekarRaju/compose-actors,github:stars:100..500,299,Apache-2.0,2025-07-24T10:37:32Z,False,
stevdza-san/BorutoApp,github:stars:100..500,106,,2025-06-11T12:20:05Z,False,
uwaisalqadri/MangaKu,github:stars:100..500,249,,2025-06-11T07:18:34Z,False,
HariAgus/GroceriesApp-Compose,github:stars:100..500,177,,2025-05-16T12:03:09Z,False,
AlexMamo/FirestoreCleanArchitectureApp,github:stars:100..500,147,,2025-03-15T05:40:37Z,False,
merttoptas/BaseApp-Jetpack-Compose-Android-Kotlin,github:stars:100..500,348,,2025-02-28T10:12:26Z,False,
AlexMamo/RoomJetpackCompose,github:stars:100..500,127,,2025-02-23T04:10:49Z,False,
xioneko/neko-anime,github:stars:100..500,300,GPL-3.0,2025-01-23T08:23:12Z,False,
krzdabrowski/android-starter-2022,github:stars:100..500,435,MIT,2024-11-23T13:32:57Z,False,
stevdza-san/To-Do-Compose,github:stars:100..500,112,,2024-09-22T15:18:01Z,False,
Breens-Mbaka/Jetpack-Compose-Tables,github:stars:100..500,279,,2024-08-24T21:03:56Z,False,
Angel-Studio/SoundTap,github:stars:100..500,127,Apache-2.0,2024-08-02T21:11:15Z,False,
DrifterAtSea/Jetmagic,github:stars:100..500,187,,2024-05-27T11:03:47Z,False,
avidraghav/SpaceDawn,github:stars:100..500,134,Apache-2.0,2024-05-25T08:01:20Z,False,
hide-your-code/weather_compose_clean_architecture,github:stars:100..500,222,Apache-2.0,2024-03-01T02:08:06Z,True,
khushpanchal/NewsApp,github:stars:100..500,114,,2024-01-20T17:41:28Z,False,
technophilist/Musify,github:stars:100..500,439,,2024-01-15T18:44:23Z,False,
MohamedRejeb/Card-Game-Animation,github:stars:100..500,164,Apache-2.0,2024-01-08T21:16:04Z,False,
Shashank02051997/VegetableOrderUI-Android,github:stars:100..500,493,GPL-3.0,2023-11-07T23:20:40Z,False,
meshramaravind/Online-Flora-Go-Go-App-UI-Android,github:stars:100..500,152,,2023-09-12T11:41:22Z,False,
Shashank02051997/PlantShopUI-Android,github:stars:100..500,211,GPL-3.0,2023-08-09T23:34:12Z,False,
zsoltk/chesso,github:stars:100..500,102,Apache-2.0,2023-04-19T18:49:00Z,False,
puskal-khadka/TikTok-Compose,github:stars:100..500,478,Apache-2.0,2023-04-15T15:14:19Z,False,
hitanshu-dhawan/McCompose,github:stars:100..500,371,Apache-2.0,2023-04-07T14:10:06Z,False,
Vaibhav2002/MusicX,github:stars:100..500,169,MIT,2023-02-19T14:20:22Z,False,
rubenquadros/Jetpack-Compose-Video-Games-Example,github:stars:100..500,111,Apache-2.0,2023-02-18T11:27:06Z,False,
Raziur306/E-commerce-Complete-Jetpack-Compose-UI,github:stars:100..500,106,GPL-3.0,2023-01-29T15:14:31Z,False,
mouredev/Pokemon-JetpackCompose,github:stars:100..500,195,,2023-01-13T05:54:06Z,False,
Morfly/MultiModuleMovies,github:stars:100..500,190,MIT,2022-11-15T05:42:51Z,False,
romainguy/sample-wake-me-up,github:stars:100..500,201,MIT,2022-11-06T20:46:38Z,False,
thelumiereguy/ShaderShowcaseApp,github:stars:100..500,282,GPL-3.0,2022-10-01T04:14:54Z,False,
cengiztoru/JetIsland_Dynamic-Island-Jetpack-Compose,github:stars:100..500,118,,2022-09-14T09:15:57Z,False,
vipulasri/JetDelivery,github:stars:100..500,434,Apache-2.0,2022-07-19T09:39:09Z,False,
developersancho/JetRorty.Android,github:stars:100..500,254,,2022-06-28T19:39:34Z,False,
Mindinventory/Flower-App-Jetpack-Compose,github:stars:100..500,106,MIT,2022-06-24T05:00:20Z,False,
mertceyhan/bitcoin-market-android,github:stars:100..500,357,Apache-2.0,2022-06-10T08:27:21Z,False,
AlexZhukovich/CoffeeDrinksWithJetpackCompose,github:stars:100..500,176,Apache-2.0,2022-05-11T20:41:59Z,False,
ramzan/Atmostate,github:stars:100..500,126,GPL-3.0,2022-05-05T21:57:27Z,False,
developersancho/RortyCompose.V2,github:stars:100..500,152,,2022-04-21T00:02:20Z,False,
catalinghita8/android-compose-mvvm-foodies,github:stars:100..500,499,,2022-02-12T18:08:46Z,False,
Mercandj/android-dev-challenge-compose-4,github:stars:100..500,186,Apache-2.0,2021-07-20T22:43:29Z,False,
ericktijerou/jetpuppy,github:stars:100..500,120,Apache-2.0,2021-04-28T12:22:06Z,False,
ericktijerou/jettimer,github:stars:100..500,133,Apache-2.0,2021-03-08T17:55:14Z,False,
vipulasri/compose-slack-desktop,github:stars:100..500,298,Apache-2.0,2021-01-17T19:24:35Z,False,
MoIbrahim15/AndroidComposeSamples,github:stars:100..500,127,MIT,2020-06-20T19:28:56Z,False,
michaelbel/movies,github:stars:100..500,341,Apache-2.0,2026-09-10T10:29:54Z,False,
joelkanyi/kompose-country-code-picker,github:stars:100..500,306,Apache-2.0,2026-09-11T01:29:15Z,False,
XiaochangXu/HeartRateMonitor-composeui,github:stars:100..500,187,MIT,2026-09-07T03:31:38Z,False,
MakD/AFinity,github:stars:100..500,234,GPL-3.0,2026-09-06T12:05:56Z,False,
yamin8000/Dooz,github:stars:100..500,106,GPL-3.0,2026-09-09T20:51:26Z,False,
side-codes/anyColorPicker,github:stars:100..500,323,Apache-2.0,2026-09-10T02:42:52Z,False,
nikbulavin/cashsense,github:stars:100..500,175,Apache-2.0,2026-07-19T07:48:17Z,False,
AhmadHassan-BTed/Parchment,github:stars:100..500,115,Apache-2.0,2026-06-30T14:35:22Z,False,
binayshaw7777/KotStep,github:stars:100..500,317,Apache-2.0,2026-03-19T06:49:01Z,False,
marosseleng/compose-material3-datetime-pickers,github:stars:100..500,159,Apache-2.0,2024-10-01T18:19:45Z,False,
snehilrx/Fetch,github:stars:100..500,196,GPL-3.0,2024-09-03T21:01:23Z,False,
stevdza-san/MessageBarCompose,github:stars:100..500,129,Apache-2.0,2024-05-02T12:37:02Z,False,
aregpetrosyan/Jetpack-Compose-Boilerplate,github:stars:100..500,111,MIT,2024-02-07T06:38:40Z,False,
MohamadOday/iris-gallery,github:stars:30..100,49,Apache-2.0,2026-09-10T10:55:42Z,False,
DerSarco/appwrite-example,github:stars:30..100,35,,2026-09-10T01:59:33Z,False,
mlmvpn/mlmvpn_android,github:stars:30..100,91,GPL-3.0,2026-09-09T00:12:41Z,False,
xinghelee/v2ex-android,github:stars:30..100,42,,2026-09-08T12:21:48Z,False,
ferhatozcelik/jetpack-compose-template,github:stars:30..100,35,NOASSERTION,2026-09-07T21:43:22Z,False,
gabriel-TheCode/Infotify,github:stars:30..100,44,Apache-2.0,2026-09-07T19:24:59Z,False,
Marlon0066/AI-Pocket-Chat,github:stars:30..100,34,GPL-3.0,2026-09-06T17:59:57Z,False,
hosizoraru/KeiOS,github:stars:30..100,75,Apache-2.0,2026-09-05T20:42:49Z,False,
NicosNicolaou16/Pokedex_Compose,github:stars:30..100,32,Apache-2.0,2026-09-04T17:35:20Z,False,
arn-c0de/InteractiveChecklists,github:stars:30..100,45,NOASSERTION,2026-09-04T15:41:01Z,False,
static-var/vlr-gg,github:stars:30..100,38,,2026-09-10T21:28:15Z,False,
rendyhd/Vicu-Android,github:stars:30..100,31,,2026-09-01T10:51:19Z,False,
drrayy001/FlowBytes,github:stars:30..100,69,GPL-3.0,2026-08-31T19:40:58Z,False,
knightafter/Blind-Nav-Android-App-for-Blind-persons,github:stars:30..100,33,MIT,2026-08-29T05:00:03Z,False,
isotjs/todosian-app,github:stars:30..100,38,Apache-2.0,2026-08-22T20:45:37Z,False,
michaelbel/android-template,github:stars:30..100,35,,2026-08-17T08:48:19Z,False,
mykola-kichatov/android-clean-template,github:stars:30..100,55,,2026-08-13T19:57:32Z,False,
hadiyarajesh/compose-template,github:stars:30..100,33,MIT,2026-09-07T07:55:44Z,False,
HeyPouya/AndroidAppUpdater,github:stars:30..100,89,Apache-2.0,2026-09-10T01:34:24Z,False,
cnrture/Quizzy-Compose-Multi-Module,github:stars:30..100,77,MIT,2026-08-05T22:20:19Z,False,
Yadino-Work-Space/Yadino-Mobile,github:stars:30..100,34,GPL-3.0,2026-08-01T18:52:10Z,False,
androiddevnotes/android-modern-movie-app,github:stars:30..100,38,,2026-08-01T12:34:10Z,False,
xavier-tobin/BundledUI-Android,github:stars:30..100,40,MIT,2026-08-01T06:29:58Z,False,
RelinRan/china-pay-android,github:stars:30..100,32,MIT,2026-08-01T05:10:10Z,False,
open-turo/nibel,github:stars:30..100,83,MIT,2026-09-11T03:07:07Z,False,
swapnil-musale/JetJoke,github:stars:30..100,46,,2026-09-09T18:53:47Z,False,
GetStream/android-xr-video,github:stars:30..100,39,Apache-2.0,2026-07-14T10:31:41Z,False,
GetStream/liveshopping-android,github:stars:30..100,77,Apache-2.0,2026-07-09T09:35:09Z,False,
wdisthis/Catcha,github:stars:30..100,34,,2026-07-03T13:51:13Z,False,
gautam84/Foodike,github:stars:30..100,62,MIT,2026-06-23T21:52:05Z,False,
not-ayan/Wallwidgy_Android,github:stars:30..100,30,,2026-06-20T08:58:06Z,False,
Qutaiba-Khader/RecentAppsTV,github:stars:30..100,43,,2026-05-31T20:41:49Z,False,
ZohaibKhanDev/Vpn,github:stars:30..100,34,,2026-05-13T09:51:35Z,False,
BharathVishal/BatteryStats-for-Android,github:stars:30..100,50,Apache-2.0,2026-05-10T05:46:55Z,False,
BharathVishal/Root-Checker,github:stars:30..100,54,Apache-2.0,2026-05-10T04:39:18Z,False,
BharathVishal/Biometric-Authentication-Android,github:stars:30..100,67,Apache-2.0,2026-05-10T04:37:30Z,False,
BharathVishal/App-Manager-for-Android,github:stars:30..100,70,Apache-2.0,2026-05-10T04:31:01Z,False,
uditbhaskar/Whizzz-The-ChatApp,github:stars:30..100,74,MIT,2026-04-27T15:42:00Z,False,
eternaljust/msea-compose,github:stars:30..100,63,GPL-3.0,2026-04-27T05:36:31Z,False,
iamnaran/firefly-compose,github:stars:30..100,45,,2026-04-15T03:32:36Z,False,
platacard/PagerIndicator,github:stars:30..100,64,Apache-2.0,2026-03-04T17:30:12Z,False,
dantech0xff/compose-qr-code-scanner,github:stars:30..100,41,MIT,2026-02-14T22:57:25Z,False,
sDevPrem/run-track,github:stars:30..100,98,,2026-02-07T08:10:46Z,False,
RRechz/AirNote,github:stars:30..100,54,GPL-3.0,2026-01-31T16:15:22Z,True,
vinchamp77/AndroidNews,github:stars:30..100,70,Apache-2.0,2026-01-01T03:22:23Z,False,
eslamfaisal/android-compose-clean-architecture-sample,github:stars:30..100,86,Apache-2.0,2025-12-30T20:50:16Z,False,
sergio11/fitflextv_android,github:stars:30..100,55,Apache-2.0,2025-11-26T18:08:52Z,False,
dononcharles/NiceToast,github:stars:30..100,32,Apache-2.0,2025-11-16T21:57:25Z,False,
MwaiBanda/Momentum,github:stars:30..100,40,MIT,2025-10-13T02:32:48Z,False,
ZohaibKhanDev/Internet-Speed-Tester,github:stars:30..100,35,,2025-09-02T07:27:12Z,False,
yassineAbou/Clock,github:stars:30..100,40,Apache-2.0,2025-08-19T10:55:48Z,False,
nikbulavin/flick,github:stars:30..100,71,Apache-2.0,2025-08-16T12:36:24Z,False,
raheemadamboev/todo-app,github:stars:30..100,32,Apache-2.0,2025-08-05T18:36:03Z,False,
StarkDroid/WallStreet,github:stars:30..100,35,AGPL-3.0,2025-08-02T18:39:47Z,False,
Stypox/tridenta,github:stars:30..100,42,GPL-3.0,2025-07-06T11:33:17Z,False,
Gursimarsingh12/Composive,github:stars:30..100,48,,2025-07-01T14:10:34Z,False,
aungyelin/movie-db-android,github:stars:30..100,38,MIT,2025-06-09T14:17:03Z,False,
shalenMathew/InvestIq-AndroidApp,github:stars:30..100,31,,2025-06-04T11:43:09Z,False,
ArtemZarubin/PixelArtWeatherML,github:stars:30..100,46,MIT,2025-05-27T19:42:35Z,False,
alexandr7035/Banking-App-Mock-Compose,github:stars:30..100,35,MIT,2025-05-23T12:09:56Z,False,
AlexMamo/FirebaseSignInWithEmailAndPassword,github:stars:30..100,44,,2025-03-30T05:02:58Z,False,
janewaitara/ProjectTracking,github:stars:30..100,80,,2025-02-18T20:51:43Z,False,
bytebitx/WanAndroid,github:stars:30..100,63,,2025-01-18T08:52:30Z,False,
furqanullah717/expense-tracker-android,github:stars:30..100,42,,2025-01-13T09:15:03Z,False,
MwaiBanda/WPRK-MultiPlatform,github:stars:30..100,51,MIT,2025-01-02T05:44:13Z,True,
SachinRupani/LoginWithJetpackCompose,github:stars:30..100,56,Apache-2.0,2024-12-31T08:20:00Z,False,
kotlang-dev/StudySmart,github:stars:30..100,35,MIT,2024-12-13T13:13:53Z,False,
ismailfatihbirak/PlantAppUi,github:stars:30..100,35,,2024-10-11T21:00:49Z,False,
itshedimisawi/PriceTagScanner,github:stars:30..100,65,Apache-2.0,2024-09-16T08:16:44Z,True,
pushpalroy/jetTaskBoard,github:stars:30..100,76,MIT,2024-09-01T18:30:50Z,False,
ArjunJadeja/samachar,github:stars:30..100,80,,2024-08-09T03:45:12Z,False,
Abhay-cloud/Fixed-Deposit-Tracker,github:stars:30..100,50,MIT,2024-08-06T12:57:11Z,False,
MambaWoW/FlickFusion,github:stars:30..100,35,MIT,2024-07-25T20:22:29Z,False,
joelkanyi/NewsApp,github:stars:30..100,83,Apache-2.0,2024-07-21T15:33:59Z,False,
ArisGuimera/Paging3JetpackCompose,github:stars:30..100,61,,2024-07-03T08:05:25Z,False,
kursatkumsuz/movie,github:stars:30..100,99,Apache-2.0,2024-06-21T19:04:24Z,False,
MoatazBadawy/Mawaqeet-Todo_and_Habits,github:stars:30..100,34,Apache-2.0,2024-05-30T16:17:44Z,False,
probelalkhan/mini-tales,github:stars:30..100,51,,2024-05-05T14:28:15Z,False,
kursatkumsuz/crypto-portfolio-jetpack-compose,github:stars:30..100,50,Apache-2.0,2024-04-29T08:59:36Z,False,
teogor/ceres,github:stars:30..100,70,Apache-2.0,2024-04-15T22:04:35Z,False,
AlexMamo/FirebaseSignInWithGoogle,github:stars:30..100,76,,2024-04-12T07:10:14Z,False,
mayursarode4/News-App,github:stars:30..100,42,,2024-04-09T14:19:27Z,False,
KaushalVasava/XPhotogram,github:stars:30..100,90,MIT,2024-04-07T12:06:08Z,False,
mrabelwahed/Journal,github:stars:30..100,43,,2024-03-13T15:31:21Z,False,
JanWilczek/android-wavetable-synthesizer,github:stars:30..100,57,LGPL-3.0,2024-03-03T17:44:52Z,False,
YanneckReiss/JetpackComposeCameraXShowcase,github:stars:30..100,47,,2024-02-18T15:07:59Z,False,
OatsAndObjects/Niwa,github:stars:30..100,34,GPL-3.0,2024-02-01T18:57:16Z,False,
utkarsh006/Notes-app-compose,github:stars:30..100,31,,2023-12-25T17:01:07Z,False,
nimblehq/jetpack-compose-crypto,github:stars:30..100,33,MIT,2023-12-10T09:11:49Z,False,
abualgait/AppStarter,github:stars:30..100,69,,2023-12-07T12:09:44Z,False,
Yazan98/LinkLoomTv,github:stars:30..100,35,MIT,2023-12-01T12:17:48Z,False,
QArtur99/Compose-ShoppingList,github:stars:30..100,65,MIT,2023-11-23T00:32:43Z,False,
cp-megh-l/render-effect-jetpack-compose,github:stars:30..100,56,,2023-11-03T09:28:16Z,False,
tamerlankayak/SpeedTestCompose,github:stars:30..100,79,,2023-10-28T22:47:27Z,False,
zedlabs/ComposeNotes,github:stars:30..100,46,,2023-10-07T18:14:58Z,False,
composablehorizons/jetpack-compose-app-template,github:stars:30..100,77,,2023-09-14T09:16:11Z,False,
mustfaunlu/Ecommerce-Compose,github:stars:30..100,31,,2023-08-31T14:50:33Z,False,
SuhasDissa/SoftBoard,github:stars:30..100,32,,2023-08-20T09:51:20Z,False,
mirzemehdi/quotesapp,github:stars:30..100,81,MIT,2023-08-03T12:07:40Z,False,
droid-lover/AppsUsingJetpackCompose,github:stars:30..100,70,,2023-07-30T07:21:51Z,False,
hamzaazizofficial/WallPap,github:stars:30..100,45,,2023-07-28T14:18:00Z,False,
devsadeq/PizzaOrderApp,github:stars:30..100,33,,2023-07-21T09:16:49Z,False,
DawinderGill/MusicPlayer-JetpackCompose,github:stars:30..100,59,,2023-07-18T13:39:04Z,False,
gautam84/Quizella,github:stars:30..100,34,MIT,2023-07-07T05:01:49Z,False,
vinchamp77/Demo_SimpleNavigationCompose,github:stars:30..100,42,Apache-2.0,2023-06-20T11:45:29Z,False,
mrcsxsiq/DroidNotes,github:stars:30..100,68,Apache-2.0,2023-06-19T16:07:30Z,False,
KrishnaZyala/FaceRecognition,github:stars:30..100,35,MIT,2023-06-02T06:24:35Z,False,
razaghimahdi/RainingLightsAnimation,github:stars:30..100,35,Apache-2.0,2023-05-26T07:57:20Z,False,
razaghimahdi/Card-Drawer,github:stars:30..100,51,Apache-2.0,2023-05-24T07:10:44Z,False,
vinceglb/Instant,github:stars:30..100,94,MIT,2023-05-01T22:52:24Z,False,
AlexMamo/CloudStorageJetpackCompose,github:stars:30..100,35,,2023-04-18T08:40:37Z,False,
lynnemunini/forecast-app,github:stars:30..100,52,MIT,2023-03-11T15:39:31Z,False,
rizmaulana/movie-kmm,github:stars:30..100,33,,2023-02-24T09:25:26Z,False,
gideonrotich/LivescoreApp,github:stars:30..100,94,,2022-12-29T16:17:24Z,False,
BoltUIX/Compose-User-Registration-Login-Reset-password-pages-with-UI-UX,github:stars:30..100,43,Apache-2.0,2022-10-08T16:47:31Z,False,
stevdza-san/Stopwatch-Android-App,github:stars:30..100,44,,2022-10-04T11:51:01Z,False,
equationl/calculatorCompose,github:stars:30..100,55,,2022-08-23T08:57:54Z,False,
simoarpe/product-hunt,github:stars:30..100,31,Apache-2.0,2022-07-13T20:38:40Z,False,
nschnettler/Compose-Scrobbler,github:stars:30..100,61,Apache-2.0,2022-07-09T16:35:22Z,False,
Astroa7m/collapsible-app-bar,github:stars:30..100,33,,2022-06-09T15:33:59Z,False,
ezechuka/EnglishWhiz,github:stars:30..100,59,MIT,2022-06-08T23:57:42Z,False,
Enes-Kayiklik/Wall-Up,github:stars:30..100,43,Apache-2.0,2022-04-29T13:58:25Z,False,
Akashkamble/Newzz-Compose,github:stars:30..100,33,,2022-03-18T07:33:22Z,False,
sitatec/GameRes,github:stars:30..100,41,,2022-02-15T15:50:35Z,False,
madhurgupta10/Accounting-App,github:stars:30..100,36,,2022-02-12T16:41:47Z,False,
k0siara/AndroidMVIExample,github:stars:30..100,61,,2022-01-11T12:46:37Z,False,
pdichone/JetAReader,github:stars:30..100,60,Apache-2.0,2021-11-16T19:12:54Z,False,
pdichone/JetMovieApp,github:stars:30..100,44,,2021-10-28T16:34:15Z,False,
pavel-corsaghin/Android-Clean-Architecture-MVVM-Hilt-Jetpack-Compose,github:stars:30..100,41,MIT,2021-09-12T09:29:38Z,False,
meshramaravind/E-commerceShopAppUI-Android,github:stars:30..100,63,,2021-08-27T16:17:06Z,False,
